Unnamed: 0,dataset,model,artifact_dir,repeat,seed,layer,layer_index,relative_layer_depth,probe,probe_type,probe_complexity,task_type,input_dim,hidden_layers_total,class_count,train_n,validation_n,test_n,parameters,resolved_hidden_dims,epochs_completed,best_validation_score,geometry_silhouette,geometry_pca_2d_variance,baseline_test_macro_f1,train_accuracy,train_balanced_accuracy,train_macro_f1,train_weighted_f1,train_macro_precision,train_macro_recall,train_mcc,train_cohen_kappa,train_log_loss,train_log_loss_score,train_roc_auc_ovr_macro,train_average_precision_macro,validation_accuracy,validation_balanced_accuracy,validation_macro_f1,validation_weighted_f1,validation_macro_precision,validation_macro_recall,validation_mcc,validation_cohen_kappa,validation_log_loss,validation_log_loss_score,validation_roc_auc_ovr_macro,validation_average_precision_macro,test_accuracy,test_balanced_accuracy,test_macro_f1,test_weighted_f1,test_macro_precision,test_macro_recall,test_mcc,test_cohen_kappa,test_log_loss,test_log_loss_score,test_roc_auc_ovr_macro,test_average_precision_macro,macro_f1_component,balanced_accuracy_component,mcc_component,log_loss_score_component,control_macro_f1,selectivity,selectivity_component,stability_component,geometry_component,complexity_penalty,probe_score_raw,probe_score,generalization_gap,overfit_penalty,metadata_path,train_exact_match_accuracy,train_micro_f1,train_micro_precision,train_micro_recall,train_hamming_loss,train_hamming_score,train_macro_jaccard,train_roc_auc_macro,train_labels_with_positive_support,train_labels_with_negative_support,train_labels_with_both_support,validation_exact_match_accuracy,validation_micro_f1,validation_micro_precision,validation_micro_recall,validation_hamming_loss,validation_hamming_score,validation_macro_jaccard,validation_roc_auc_macro,validation_labels_with_positive_support,validation_labels_with_negative_support,validation_labels_with_both_support,test_exact_match_accuracy,test_micro_f1,test_micro_precision,test_micro_recall,test_hamming_loss,test_hamming_score,test_macro_jaccard,test_roc_auc_macro,test_labels_with_positive_support,test_labels_with_negative_support,test_labels_with_both_support
,ISEAR,EleutherAI/gpt-neo-125m,/Volumes/Amirali/hidden_states/experiments/baseline_v5_001/models/EleutherAI/gpt-neo-125m/datasets/ISEAR/analysis/probes/matrix_runs/unified_v4_20260901_094936,1.0,329184178.0,layer_8,8.0,0.6666666666666666,linear_logistic,logistic,linear,single_label,768.0,13.0,7.0,1600.0,200.0,200.0,5383.0,[],,,-0.1111941412091255,0.9943859577178956,0.0383426097711812,0.994375,0.9943163447630392,0.9945698336557914,0.994395893113274,0.9949311058756336,0.9943163447630392,0.9934519798237648,0.9934311274238112,0.0528919907386504,0.9484824518390252,0.9999678423596357,0.9996449938105264,0.5,0.4993784096308727,0.5021330536766833,0.5022639965707121,0.5113461919394952,0.4993784096308727,0.4167534713996075,0.4158025412589455,2.832389490438751,0.0588720113575336,0.8184066948452408,0.5188744881448563,0.53,0.5302411715092471,0.5388038692307383,0.5372035757324825,0.5642775769226568,0.5302411715092471,0.4524497941750761,0.4507260350016069,2.598140230347141,0.0744118384873856,0.8405603055490545,0.561899978439609,0.5388038692307383,0.5302411715092471,0.726224897087538,0.0744118384873856,,,0.0,0.9078966748069016,0.4444029293954372,0.0152743030116885,0.4436218753964029,0.4283475723847144,0.4557659644250531,0.4557659644250531,/Volumes/Amirali/hidden_states/experiments/baseline_v5_001/models/EleutherAI/gpt-neo-125m/datasets/ISEAR/analysis/probes/matrix_runs/unified_v4_20260901_094936/complete_run_metadata.json,,,,,,,,,,,,,,,,,,,,,,,,,,,,,,,,,
,goEmo,EleutherAI/gpt-neo-125m,/Volumes/Amirali/hidden_states/experiments/baseline_v5_001/models/EleutherAI/gpt-neo-125m/datasets/goEmo/analysis/probes/matrix_runs/unified_v4_20260829_135913,0.0,329179192.0,layer_3,3.0,0.25,linear_logistic,logistic,linear,multi_label,768.0,13.0,28.0,400.0,50.0,50.0,21532.0,[],,,,,,,1.0,1.0,1.0,1.0,1.0,1.0,,0.002281210428719,0.9977213895543792,,1.0,,0.0833333333333333,0.0830827067669173,0.1685781618224666,0.0869565217391304,0.0833333333333333,0.2728162300880189,,0.2599861930233966,0.7710622317682656,,0.3102827429459197,,0.0869047619047619,0.1067176870748299,0.2474937343358396,0.1525297619047619,0.0869047619047619,0.3061831023667231,,0.2221087286960703,0.8008282865854432,,0.2766300675901718,0.1067176870748299,0.0869047619047619,0.6530915511833616,0.8008282865854432,0.0178271308523409,0.088890556222489,0.088890556222489,1.0,0.5,0.017739054190616,0.3605398086349681,0.3428007544443521,0.89328231292517,0.89328231292517,/Volumes/Amirali/hidden_states/experiments/baseline_v5_001/models/EleutherAI/gpt-neo-125m/datasets/goEmo/analysis/probes/matrix_runs/unified_v4_20260829_135913/complete_run_metadata.json,1.0,1.0,1.0,1.0,0.0,1.0,1.0,1.0,28.0,28.0,28.0,0.22,0.2708333333333333,0.4482758620689655,0.1940298507462686,0.05,0.95,0.0722789115646258,0.7550811304988749,21.0,28.0,21.0,0.16,0.3058823529411765,0.4642857142857143,0.2280701754385964,0.0421428571428571,0.9578571428571429,0.0741496598639455,0.7108671032159292,20.0,28.0,20.0
,ISEAR,FacebookAI/roberta-base,/Volumes/Amirali/hidden_states/experiments/baseline_v5_001/models/FacebookAI/roberta-base/datasets/ISEAR/analysis/probes/matrix_runs/unified_v4_20260830_095332,0.0,329183180.0,layer_7,7.0,0.5833333333333334,linear_logistic,logistic,linear,single_label,768.0,13.0,7.0,400.0,50.0,50.0,5383.0,[],,,-0.0098597202450037,0.24680757522583,0.0476190476190476,0.995,0.9946014769544184,0.9953701949487216,0.9950094892058012,0.9962406015037594,0.9946014769544184,0.9941698965157068,0.9941480256901672,0.0208038349108387,0.9794110719867212,0.9999648241754688,0.9996084284223498,0.38,0.3741496598639455,0.3801137459032196,0.3825114709851551,0.4285714285714286,0.3741496598639455,0.2759977284166301,0.269901083372586,2.1955831210351358,0.1112936449142109,0.7914056554057366,0.4924955753175687,0.5,0.4897959183673469,0.4918058132343846,0.4972424242424242,0.5113945578231293,0.4897959183673469,0.4129761815302687,0.4112105511069243,1.6412720528487472,0.1937334463003136,0.8376237577483424,0.5889072707238657,0.4918058132343846,0.4897959183673469,0.7064880907651343,0.1937334463003136,0.1504097707459052,0.3413960424884794,0.3982953829032259,1.0,0.4950701398774981,0.0152743030116885,0.5261799828830198,0.5109056798713313,0.5035643817143369,0.5035643817143369,/Volumes/Amirali/hidden_states/experiments/baseline_v5_001/models/FacebookAI/roberta-base/datasets/ISEAR/analysis/probes/matrix_runs/unified_v4_20260830_095332/complete_run_metadata.json,,,,,,,,,,,,,,,,,,,,,,,,,,,,,,,,,
,goEmo,FacebookAI/roberta-base,/Volumes/Amirali/hidden_states/experiments/baseline_v5_001/models/FacebookAI/roberta-base/datasets/goEmo/analysis/probes/matrix_runs/unified_v4_20260829_124122,0.0,329182183.0,layer_6,6.0,0.5,linear_logistic,logistic,linear,multi_label,768.0,13.0,28.0,400.0,50.0,50.0,21532.0,[],,,,,,,1.0,1.0,1.0,1.0,1.0,1.0,,0.0018953713280662,0.9981064237538748,,1.0,,0.3369047619047619,0.371144147314098,0.5170514422959096,0.4897959183673469,0.3369047619047619,0.5803075381962319,,0.1777114785016945,0.8371839342096307,,0.6026794166531071,,0.3238095238095238,0.3614789196310934,0.619047453944479,0.4295454545454545,0.3238095238095238,0.677329973462313,,0.1250342159771665,0.8824667076073053,,0.5659976535928547,0.3614789196310934,0.3238095238095238,0.8386649867311565,0.8824667076073053,0.0136283469616802,0.3478505726694131,0.3478505726694131,1.0,0.5,0.017739054190616,0.5475576917834886,0.5298186375928725,0.6385210803689065,0.6385210803689065,/Volumes/Amirali/hidden_states/experiments/baseline_v5_001/models/FacebookAI/roberta-base/datasets/goEmo/analysis/probes/matrix_runs/unified_v4_20260829_124122/complete_run_metadata.json,1.0,1.0,1.0,1.0,0.0,1.0,1.0,1.0,28.0,28.0,28.0,0.44,0.5714285714285714,0.7894736842105263,0.4477611940298507,0.0321428571428571,0.9678571428571427,0.3080827067669173,0.8203420898890182,21.0,28.0,21.0,0.52,0.6736842105263158,0.8421052631578947,0.5614035087719298,0.0221428571428571,0.9778571428571428,0.3083333333333333,0.842289894044207,20.0,28.0,20.0
,ISEAR,distilbert/distilbert-base-uncased,/Volumes/Amirali/hidden_states/experiments/baseline_v5_001/models/distilbert/distilbert-base-uncased/datasets/ISEAR/analysis/probes/matrix_runs/unified_v4_20260830_094625,0.0,329177198.0,layer_1,1.0,0.1666666666666666,linear_logistic,logistic,linear,single_label,768.0,7.0,7.0,400.0,50.0,50.0,5383.0,[],,,-0.0116181233897805,0.1614632904529571,0.0476190476190476,0.995,0.9946014769544184,0.9953701949487216,0.9950094892058012,0.9962406015037594,0.9946014769544184,0.9941698965157068,0.9941480256901672,0.0244894179283564,0.9758080149340964,0.9999648241754688,0.9996084284223498,0.44,0.4342403628117913,0.4101517530088959,0.4135042735042734,0.4904143475572047,0.4342403628117913,0.3531544377044646,0.3430314406381981,2.1658946211121965,0.1146473227893534,0.7997722955181832,0.5372840317242451,0.5,0.489795918367347,0.4915372209489856,0.5051004159239454,0.5123015873015874,0.489795918367347,0.4190236878516813,0.4158878504672897,1.948090999147511,0.1425459323190829,0.8007565330571974,0.5797288578656279,0.4915372209489856,0.489795918367347,0.7095118439258407,0.1425459323190829,0.1476948348162509,0.3438423861327347,0.4011494504881904,1.0,0.4941909383051097,0.0152743030116885,0.5219744998260265,0.506700196814338,0.503832973999736,0.503832973999736,/Volumes/Amirali/hidden_states/experiments/baseline_v5_001/models/distilbert/distilbert-base-uncased/datasets/ISEAR/analysis/probes/matrix_runs/unified_v4_20260830_094625/complete_run_metadata.json,,,,,,,,,,,,,,,,,,,,,,,,,,,,,,,,,
,goEmo,distilbert/distilbert-base-uncased,/Volumes/Amirali/hidden_states/experiments/baseline_v5_001/models/distilbert/distilbert-base-uncased/datasets/goEmo/analysis/probes/matrix_runs/unified_v4_20260829_122423,0.0,329181186.0,layer_5,5.0,0.8333333333333334,linear_logistic,logistic,linear,multi_label,768.0,7.0,28.0,400.0,50.0,50.0,21532.0,[],,,,,,,1.0,1.0,1.0,1.0,1.0,1.0,,0.0023145038947572,0.9976881725041388,,1.0,,0.0857142857142857,0.1039682539682539,0.2666666666666666,0.179421768707483,0.0857142857142857,0.3176920186014567,,0.2467694786248434,0.781320783914784,,0.3689073878854675,,0.1011904761904761,0.1137829044661342,0.2344629690167447,0.1415584415584415,0.1011904761904761,0.2864774270538268,,0.2265686397137763,0.7972646164197487,,0.3708763029261692,0.1137829044661342,0.1011904761904761,0.6432387135269134,0.7972646164197487,0.0170784695402692,0.096704434925865,0.096704434925865,1.0,0.5,0.017739054190616,0.3641774532012899,0.3464383990106738,0.8862170955338657,0.8862170955338657,/Volumes/Amirali/hidden_states/experiments/baseline_v5_001/models/distilbert/distilbert-base-uncased/datasets/goEmo/analysis/probes/matrix_runs/unified_v4_20260829_122423/complete_run_metadata.json,1.0,1.0,1.0,1.0,0.0,1.0,1.0,1.0,28.0,28.0,28.0,0.18,0.3269230769230769,0.4594594594594595,0.2537313432835821,0.05,0.95,0.0692857142857142,0.7174809599625058,21.0,28.0,21.0,0.2,0.2857142857142857,0.4444444444444444,0.2105263157894736,0.0428571428571428,0.9571428571428572,0.0906820622986036,0.7207401987944931,20.0,28.0,20.0
,ISEAR,facebook/opt-125m,/Volumes/Amirali/hidden_states/experiments/baseline_v5_001/models/facebook/opt-125m/datasets/ISEAR/analysis/probes/matrix_runs/unified_v4_20260901_101720,0.0,329187168.0,layer_11,11.0,0.9166666666666666,linear_logistic,logistic,linear,single_label,768.0,13.0,7.0,1600.0,200.0,200.0,5383.0,[],,,-0.1244639605283737,0.9810657501220704,0.0394088669950738,0.9925,0.9926300442436088,0.9926436387672944,0.9925707729824776,0.992886781268524,0.9926300442436088,0.9912807119586352,0.9912395530529472,0.0465772616572005,0.954490812179114,0.9999387711252228,0.9993673495495704,0.495,0.4956537303589584,0.4953681174399616,0.4954694189922574,0.4968996201754822,0.4956537303589584,0.4107476663542371,0.4104599579733831,2.348227487710472,0.0955383551315826,0.8448407678168708,0.5823806078690853,0.565,0.566536028137808,0.5689838549047302,0.5672085466978405,0.5742822231531909,0.566536028137808,0.4923132774641047,0.4918817895105712,2.43406122679746,0.0876800200774046,0.8518720622145343,0.5967103485949251,0.5689838549047302,0.566536028137808,0.7461566387320524,0.0876800200774046,,,0.0,0.9739685317983452,0.4377680197358131,0.0152743030116885,0.4672031199310273,0.4519288169193388,0.4236597838625641,0.4236597838625641,/Volumes/Amirali/hidden_states/experiments/baseline_v5_001/models/facebook/opt-125m/datasets/ISEAR/analysis/probes/matrix_runs/unified_v4_20260901_101720/complete_run_metadata.json,,,,,,,,,,,,,,,,,,,,,,,,,,,,,,,,,
,goEmo,facebook/opt-125m,/Volumes/Amirali/hidden_states/experiments/baseline_v5_001/models/facebook/opt-125m/datasets/goEmo/analysis/probes/matrix_runs/unified_v4_20260830_080552,0.0,329188165.0,layer_12,12.0,1.0,linear_logistic,logistic,linear,multi_label,768.0,13.0,28.0,400.0,50.0,50.0,21532.0,[],,,,,,,1.0,1.0,1.0,1.0,1.0,1.0,,0.001903908762093,0.9980979025225049,,1.0,,0.1125,0.104563492063492,0.2477611940298507,0.1258503401360544,0.1125,0.3498874794147587,,0.2524448405642523,0.7768990649715095,,0.325020768133437,,0.1351190476190476,0.1399470899470899,0.2678362573099415,0.1613095238095238,0.1351190476190476,0.3142621605167595,,0.2357322258321177,0.7899921851129259,,0.3150073028628479,0.1399470899470899,0.1351190476190476,0.6571310802583797,0.7899921851129259,0.0257436307856475,0.1142034591614423,0.1142034591614423,1.0,0.5,0.017739054190616,0.3806642020119677,0.3629251478213516,0.8600529100529101,0.8600529100529101,/Volumes/Amirali/hidden_states/experiments/baseline_v5_001/models/facebook/opt-125m/datasets/goEmo/analysis/probes/matrix_runs/unified_v4_20260830_080552/complete_run_metadata.json,1.0,1.0,1.0,1.0,0.0,1.0,1.0,1.0,28.0,28.0,28.0,0.2,0.3529411764705882,0.5142857142857142,0.2686567164179104,0.0471428571428571,0.9528571428571428,0.0833163265306122,0.7354364736451665,21.0,28.0,21.0,0.22,0.3260869565217391,0.4285714285714285,0.2631578947368421,0.0442857142857142,0.9557142857142856,0.1267468944099379,0.7684050138859018,20.0,28.0,20.0
,ISEAR,google-bert/bert-base-uncased,/Volumes/Amirali/hidden_states/experiments/baseline_v5_001/models/google-bert/bert-base-uncased/datasets/ISEAR/analysis/probes/matrix_runs/unified_v4_20260830_092014,0.0,329186171.0,layer_10,10.0,0.8333333333333334,linear_logistic,logistic,linear,single_label,768.0,13.0,7.0,400.0,50.0,50.0,5383.0,[],,,-0.0039460891857743,0.1557818055152893,0.0476190476190476,0.995,0.9946014769544184,0.9953701949487216,0.9950094892058012,0.9962406015037594,0.9946014769544184,0.9941698965157068,0.9941480256901672,0.02463199496142,0.9756688970402312,0.9999648241754688,0.9996084284223498,0.42,0.4183673469387754,0.4207875457875457,0.4212948717948718,0.4387342815914244,0.4183673469387754,0.3225117140516048,0.3208430913348946,1.9832326636387188,0.1376236265507198,0.8437441426664343,0.5622153174457984,0.54,0.5346938775510204,0.5291898577612864,0.534060606060606,0.5636054421768707,0.5346938775510204,0.4644513550811208,0.4598403006106153,1.6351354279924926,0.1949259710786105,0.8549290244639083,0.5581738338725916,0.5291898577612864,0.5346938775510204,0.7322256775405604,0.1949259710786105,0.1033515286456463,0.42583832911564,0.4968113839682467,1.0,0.4980269554071128,0.0152743030116885,0.5660916193759248,0.5508173163642363,0.4661803371874352,0.4661803371874352,/Volumes/Amirali/hidden_states/experiments/baseline_v5_001/models/google-bert/bert-base-uncased/datasets/ISEAR/analysis/probes/matrix_runs/unified_v4_20260830_092014/complete_run_metadata.json,,,,,,,,,,,,,,,,,,,,,,,,,,,,,,,,,
,goEmo,google-bert/bert-base-uncased,/Volumes/Amirali/hidden_states/experiments/baseline_v5_001/models/google-bert/bert-base-uncased/datasets/goEmo/analysis/probes/matrix_runs/unified_v4_20260829_113941,0.0,329176201.0,layer_0,0.0,0.0,linear_logistic,logistic,linear,multi_label,768.0,13.0,28.0,400.0,50.0,50.0,21532.0,[],,,,,,,1.0,1.0,1.0,1.0,1.0,1.0,,0.0002056836330616,0.9997943375183668,,1.0,,0.75,0.75,1.0,0.75,0.75,1.0,,0.001538067278929,0.9984631149403596,,1.0,,0.6785714285714286,0.6785714285714286,0.9649122807017544,0.6785714285714286,0.6785714285714286,0.9815688803652316,,0.0028441073186732,0.9971599333229664,,1.0,0.6785714285714286,0.6785714285714286,0.9907844401826158,0.9971599333229664,0.0173941798941798,0.6611772486772487,0.6611772486772487,1.0,0.5,0.017739054190616,0.7769976805237102,0.7592586263330942,0.3214285714285714,0.3214285714285714,/Volumes/Amirali/hidden_states/experiments/baseline_v5_001/models/google-bert/bert-base-uncased/datasets/goEmo/analysis/probes/matrix_runs/unified_v4_20260829_113941/complete_run_metadata.json,1.0,1.0,1.0,1.0,0.0,1.0,1.0,1.0,28.0,28.0,28.0,1.0,1.0,1.0,1.0,0.0,1.0,0.75,1.0,21.0,28.0,21.0,0.96,0.9821428571428572,1.0,0.9649122807017544,0.0014285714285714,0.9985714285714286,0.6785714285714286,1.0,20.0,28.0,20.0
,ISEAR,google/electra-small-discriminator,/Volumes/Amirali/hidden_states/experiments/baseline_v5_001/models/google/electra-small-discriminator/datasets/ISEAR/analysis/probes/matrix_runs/unified_v4_20260830_101122,0.0,329185174.0,layer_9,9.0,0.75,linear_logistic,logistic,linear,single_label,256.0,13.0,7.0,400.0,50.0,50.0,1799.0,[],,,-0.024371588602662,0.3802139163017273,0.0476190476190476,0.995,0.9946014769544184,0.9953701949487216,0.9950094892058012,0.9962406015037594,0.9946014769544184,0.9941698965157068,0.9941480256901672,0.0729457023877354,0.929651306501586,0.9999780259487584,0.9997929021458434,0.36,0.3741496598639455,0.3503139717425432,0.3371538461538462,0.3718820861678004,0.3741496598639455,0.260140642588702,0.2547741034000931,3.262913002790341,0.0382767352229866,0.730703348906898,0.4025566464540006,0.46,0.4741496598639455,0.4426568529509705,0.436149869738105,0.4408163265306122,0.4741496598639455,0.3781286119374392,0.3726765799256505,2.69809650585742,0.0673335598694169,0.7378705181861328,0.5011172000136959,0.4426568529509705,0.4741496598639455,0.6890643059687196,0.0673335598694169,0.1607812666636196,0.281875586287351,0.3288548506685761,1.0,0.4878142056986689,0.0147679399894705,0.4820413445182328,0.4672734045287622,0.552713341997751,0.552713341997751,/Volumes/Amirali/hidden_states/experiments/baseline_v5_001/models/google/electra-small-discriminator/datasets/ISEAR/analysis/probes/matrix_runs/unified_v4_20260830_101122/complete_run_metadata.json,,,,,,,,,,,,,,,,,,,,,,,,,,,,,,,,,
,goEmo,google/electra-small-discriminator,/Volumes/Amirali/hidden_states/experiments/baseline_v5_001/models/google/electra-small-discriminator/datasets/goEmo/analysis/probes/matrix_runs/unified_v4_20260829_131937,0.0,329185174.0,layer_9,9.0,0.75,linear_logistic,logistic,linear,multi_label,256.0,13.0,28.0,400.0,50.0,50.0,7196.0,[],,,,,,,1.0,1.0,1.0,1.0,1.0,1.0,,0.0090405033857126,0.9910002390950672,,1.0,,0.1166666666666666,0.1222214561500275,0.2319426035843946,0.1515151515151515,0.1166666666666666,0.287386333464642,,0.2649001470711417,0.7672825615618802,,0.3478889438244922,,0.1398809523809523,0.1456486042692939,0.2421859245815688,0.158718487394958,0.1398809523809523,0.2726076260569144,,0.2215604472901075,0.8012674862358455,,0.3675369241332994,0.1456486042692939,0.1398809523809523,0.6363038130284573,0.8012674862358455,0.0170617742046313,0.1285868300646625,0.1285868300646625,1.0,0.5,0.0174994609414401,0.383683980515252,0.3661845195738118,0.8543513957307061,0.8543513957307061,/Volumes/Amirali/hidden_states/experiments/baseline_v5_001/models/google/electra-small-discriminator/datasets/goEmo/analysis/probes/matrix_runs/unified_v4_20260829_131937/complete_run_metadata.json,1.0,1.0,1.0,1.0,0.0,1.0,1.0,1.0,28.0,28.0,28.0,0.16,0.3018867924528302,0.4102564102564102,0.2388059701492537,0.0528571428571428,0.9471428571428572,0.102891156462585,0.706705095285161,21.0,28.0,21.0,0.22,0.2916666666666667,0.358974358974359,0.2456140350877192,0.0485714285714285,0.9514285714285714,0.1235119047619047,0.7353530807239735,20.0,28.0,20.0
,ISEAR,microsoft/deberta-v3-small,/Volumes/Amirali/hidden_states/experiments/baseline_v5_001/models/microsoft/deberta-v3-small/datasets/ISEAR/analysis/probes/matrix_runs/unified_v4_20260901_094545,1.0,329179193.0,layer_3,3.0,0.5,linear_logistic,logistic,linear,single_label,768.0,7.0,7.0,1600.0,200.0,200.0,5383.0,[],,,-0.0109610510990023,0.191029667854309,0.0383426097711812,0.994375,0.9943163447630392,0.9945698336557914,0.994395893113274,0.9949311058756336,0.9943163447630392,0.9934519798237648,0.9934311274238112,0.0389676560756219,0.9617818164416372,0.9999678423596357,0.9996449938105264,0.545,0.5431887830286845,0.5411070402400825,0.5405186431698331,0.5524920928837698,0.5431887830286845,0.4698734933878609,0.4676650384626634,2.4749006475832385,0.0841713524691904,0.8410802215593399,0.5646744442220923,0.56,0.558526567981518,0.5613221429508599,0.5607480975441024,0.5687946860735467,0.558526567981518,0.4864632953622451,0.4856508270500906,2.326855001235615,0.0976022237756951,0.8506201890086162,0.5960151741666877,0.5613221429508599,0.558526567981518,0.7432316476811226,0.0976022237756951,,,0.0,0.9912382177390068,0.4945194744504988,0.0152743030116885,0.4692042859611062,0.4539299829494176,0.4332476907049315,0.4332476907049315,/Volumes/Amirali/hidden_states/experiments/baseline_v5_001/models/microsoft/deberta-v3-small/datasets/ISEAR/analysis/probes/matrix_runs/unified_v4_20260901_094545/complete_run_metadata.json,,,,,,,,,,,,,,,,,,,,,,,,,,,,,,,,,
,goEmo,microsoft/deberta-v3-small,/Volumes/Amirali/hidden_states/experiments/baseline_v5_001/models/microsoft/deberta-v3-small/datasets/goEmo/analysis/probes/matrix_runs/unified_v4_20260829_134715,0.0,329179192.0,layer_3,3.0,0.5,linear_logistic,logistic,linear,multi_label,768.0,7.0,28.0,400.0,50.0,50.0,21532.0,[],,,,,,,1.0,1.0,1.0,1.0,1.0,1.0,,0.0018224947605006,0.998179164974636,,1.0,,0.1452380952380952,0.1363945578231292,0.2375266524520256,0.1928571428571428,0.1452380952380952,0.3335246819388806,,0.2388192644934033,0.787557209061711,,0.4163362326398277,,0.1071428571428571,0.1184523809523809,0.2646198830409356,0.1392857142857143,0.1071428571428571,0.3626135596759599,,0.190591504835267,0.8264701282559386,,0.3601838561687534,0.1184523809523809,0.1071428571428571,0.6813067798379799,0.8264701282559386,0.0180138722155528,0.100438508736828,0.100438508736828,1.0,0.5,0.017739054190616,0.3756152553581803,0.3578762011675642,0.881547619047619,0.881547619047619,/Volumes/Amirali/hidden_states/experiments/baseline_v5_001/models/microsoft/deberta-v3-small/datasets/goEmo/analysis/probes/matrix_runs/unified_v4_20260829_134715/complete_run_metadata.json,1.0,1.0,1.0,1.0,0.0,1.0,1.0,1.0,28.0,28.0,28.0,0.2,0.3191489361702128,0.5555555555555556,0.2238805970149253,0.0457142857142857,0.9542857142857144,0.1041666666666666,0.7472400607006461,21.0,28.0,21.0,0.22,0.345679012345679,0.5833333333333334,0.2456140350877192,0.0378571428571428,0.9621428571428572,0.0958333333333333,0.7767809339582774,20.0,28.0,20.0
,ISEAR,EleutherAI/gpt-neo-125m,/Volumes/Amirali/hidden_states/experiments/baseline_v5_001/models/EleutherAI/gpt-neo-125m/datasets/ISEAR/analysis/probes/matrix_runs/unified_v4_20260901_094936,1.0,3129719421.0,layer_8,8.0,0.6666666666666666,mlp_1_hidden,mlp,1_hidden,single_label,768.0,13.0,7.0,1600.0,200.0,200.0,297991.0,[384],23.0,0.5538658761916274,-0.1111941412091255,0.9943859577178956,0.0383426097711812,0.969375,0.9695903821573028,0.9695885167033966,0.9694190394112036,0.969775764896642,0.9695903821573028,0.96427066182714,0.9642398738178404,0.2366795367502501,0.7892441712475188,0.9984435828522848,0.993463357826882,0.545,0.5494391464219051,0.5538658761916274,0.5480233606950635,0.563698705288567,0.5494391464219051,0.4687319241401633,0.4681006517228278,1.3585845438957227,0.257024326250361,0.8535511521930932,0.593378800176641,0.59,0.5868321107475724,0.584833834631474,0.5862884777218023,0.5966726902990614,0.5868321107475724,0.523115614641996,0.5208461156396996,1.222353285522663,0.2945362228908142,0.8763528652764627,0.6379760061372408,0.584833834631474,0.5868321107475724,0.761557807320998,0.2945362228908142,,,0.0,0.9619210364879414,0.4444029293954372,0.02,0.4963328187758015,0.4763328187758014,0.3847546820719226,0.3847546820719226,/Volumes/Amirali/hidden_states/experiments/baseline_v5_001/models/EleutherAI/gpt-neo-125m/datasets/ISEAR/analysis/probes/matrix_runs/unified_v4_20260901_094936/complete_run_metadata.json,,,,,,,,,,,,,,,,,,,,,,,,,,,,,,,,,
,goEmo,EleutherAI/gpt-neo-125m,/Volumes/Amirali/hidden_states/experiments/baseline_v5_001/models/EleutherAI/gpt-neo-125m/datasets/goEmo/analysis/probes/matrix_runs/unified_v4_20260829_135913,0.0,3129720417.0,layer_9,9.0,0.75,mlp_1_hidden,mlp,1_hidden,multi_label,768.0,13.0,28.0,400.0,50.0,50.0,306076.0,[384],13.0,0.0961990869222182,,,,,0.3915671516317753,0.1356396566589859,0.2894061377440979,0.0958808155930394,0.3915671516317753,0.1585458634648174,,0.60282602751451,0.5472628687704367,,0.1269132176698109,,0.2720238095238095,0.0961990869222182,0.1860176036092121,0.0667569527811124,0.2720238095238095,0.0853121104783219,,0.6238115965114388,0.535897913193329,,0.2046588183770408,,0.2464285714285714,0.1133919268190367,0.2730135464644371,0.0913751577959652,0.2464285714285714,0.1009352342772051,,0.6186994421147224,0.5386445206254028,,0.1559975954635447,0.1133919268190367,0.2464285714285714,0.5504676171386026,0.5386445206254028,0.0434008146698324,0.0699911121492043,0.0699911121492043,1.0,0.5,0.02,0.3407450844822165,0.3207450844822165,0.0222477298399491,0.0222477298399491,/Volumes/Amirali/hidden_states/experiments/baseline_v5_001/models/EleutherAI/gpt-neo-125m/datasets/goEmo/analysis/probes/matrix_runs/unified_v4_20260829_135913/complete_run_metadata.json,0.015,0.1775700934579439,0.1088825214899713,0.4810126582278481,0.1885714285714285,0.8114285714285714,0.0781595230887983,0.6787986771738836,28.0,28.0,28.0,0.0,0.1351351351351351,0.0825082508250825,0.373134328358209,0.2285714285714285,0.7714285714285715,0.0560669191919191,0.6271376709435291,21.0,28.0,21.0,0.0,0.1322314049586777,0.0784313725490196,0.4210526315789473,0.225,0.775,0.0708672577422577,0.5504053039561854,20.0,28.0,20.0
,ISEAR,FacebookAI/roberta-base,/Volumes/Amirali/hidden_states/experiments/baseline_v5_001/models/FacebookAI/roberta-base/datasets/ISEAR/analysis/probes/matrix_runs/unified_v4_20260830_095332,0.0,3129717426.0,layer_6,6.0,0.5,mlp_1_hidden,mlp,1_hidden,single_label,768.0,13.0,7.0,400.0,50.0,50.0,297991.0,[384],17.0,0.4622818358112476,-0.0093844356015324,0.2495869100093841,0.0476190476190476,0.875,0.8737522226897649,0.8753814342427699,0.873585335582112,0.8830816529294282,0.8737522226897649,0.8543109114741687,0.8535710363509902,0.5793620511468354,0.5602556670438386,0.986217558122748,0.9394846460254188,0.48,0.4750566893424036,0.4622818358112476,0.4668597285067873,0.493040293040293,0.4750566893424036,0.3970068964232888,0.3913857677902621,1.3067541840673291,0.270697265482147,0.863773154116319,0.5801994911570321,0.56,0.5482993197278911,0.552000287294405,0.553182503770739,0.5993197278911564,0.5482993197278911,0.4847922590614156,0.4796594134342479,1.3227030530740078,0.266414196099473,0.8376576275330427,0.5846253845989267,0.552000287294405,0.5482993197278911,0.7423961295307078,0.266414196099473,0.1453616624337544,0.4066386248606505,0.4744117290040923,1.0,0.4953077821992337,0.02,0.5778935437331185,0.5578935437331185,0.3233811469483649,0.3233811469483649,/Volumes/Amirali/hidden_states/experiments/baseline_v5_001/models/FacebookAI/roberta-base/datasets/ISEAR/analysis/probes/matrix_runs/unified_v4_20260830_095332/complete_run_metadata.json,,,,,,,,,,,,,,,,,,,,,,,,,,,,,,,,,
,goEmo,FacebookAI/roberta-base,/Volumes/Amirali/hidden_states/experiments/baseline_v5_001/models/FacebookAI/roberta-base/datasets/goEmo/analysis/probes/matrix_runs/unified_v4_20260829_124122,0.0,3129715432.0,layer_4,4.0,0.3333333333333333,mlp_1_hidden,mlp,1_hidden,multi_label,768.0,13.0,28.0,400.0,50.0,50.0,306076.0,[384],34.0,0.1222789115646258,,,,,0.4458723492268432,0.5424239739448717,0.7820841910577839,0.7446273964131107,0.4458723492268432,0.8235970565009028,,0.0461448579859778,0.9549036267552856,,0.9257427387393564,,0.0910714285714285,0.1222789115646258,0.3294953802416488,0.2087912087912087,0.0910714285714285,0.4678481840289862,,0.1374899074708887,0.8715431460273437,,0.4324417630453117,,0.1083333333333333,0.1352272727272727,0.3330940988835725,0.1946428571428571,0.1083333333333333,0.4503291902115745,,0.1133425898810251,0.8928447281452198,,0.5202357323109863,0.1352272727272727,0.1083333333333333,0.7251645951057872,0.8928447281452198,0.0424763094802499,0.0927509632470228,0.0927509632470228,1.0,0.5,0.02,0.3916661729116129,0.3716661729116128,0.407196701217599,0.407196701217599,/Volumes/Amirali/hidden_states/experiments/baseline_v5_001/models/FacebookAI/roberta-base/datasets/goEmo/analysis/probes/matrix_runs/unified_v4_20260829_124122/complete_run_metadata.json,0.6825,0.8159203980099502,0.993939393939394,0.6919831223628692,0.0132142857142857,0.9867857142857144,0.4436803930233137,0.9918046558566348,28.0,28.0,28.0,0.26,0.4090909090909091,0.8571428571428571,0.2686567164179104,0.0371428571428571,0.9628571428571427,0.0879901960784313,0.8070903820371905,21.0,28.0,21.0,0.26,0.4102564102564102,0.7619047619047619,0.2807017543859649,0.0328571428571428,0.9671428571428572,0.1005952380952381,0.8432660987636798,20.0,28.0,20.0
,ISEAR,distilbert/distilbert-base-uncased,/Volumes/Amirali/hidden_states/experiments/baseline_v5_001/models/distilbert/distilbert-base-uncased/datasets/ISEAR/analysis/probes/matrix_runs/unified_v4_20260830_094625,0.0,3129717426.0,layer_6,6.0,1.0,mlp_1_hidden,mlp,1_hidden,single_label,768.0,7.0,7.0,400.0,50.0,50.0,297991.0,[384],20.0,0.544907473478902,-0.008343351073563,0.2113042175769806,0.0476190476190476,0.9025,0.9009608262023384,0.9031700730637506,0.903130559863546,0.9064583496233743,0.9009608262023384,0.8860556457062427,0.8858347238078511,0.3999462646820073,0.6703560668642566,0.9928412637811144,0.9637528761126531,0.54,0.5430839002267573,0.544907473478902,0.5383383283383283,0.5775819418676562,0.5430839002267573,0.464746683888974,0.4603472548099483,1.3346078847042009,0.2632613840353485,0.8656619706271275,0.6166948157117413,0.48,0.4721088435374149,0.4655344655344655,0.4735104895104895,0.463265306122449,0.4721088435374149,0.3907941878862055,0.3902439024390244,1.4079464982395935,0.2446451469278984,0.8123052307603802,0.5503963298351435,0.4655344655344655,0.4721088435374149,0.6953970939431028,0.2446451469278984,0.1200401798146159,0.3454942857198496,0.4030766666731578,1.0,0.4958283244632184,0.02,0.5213807712562764,0.5013807712562763,0.4376356075292851,0.4376356075292851,/Volumes/Amirali/hidden_states/experiments/baseline_v5_001/models/distilbert/distilbert-base-uncased/datasets/ISEAR/analysis/probes/matrix_runs/unified_v4_20260830_094625/complete_run_metadata.json,,,,,,,,,,,,,,,,,,,,,,,,,,,,,,,,,
,goEmo,distilbert/distilbert-base-uncased,/Volumes/Amirali/hidden_states/experiments/baseline_v5_001/models/distilbert/distilbert-base-uncased/datasets/goEmo/analysis/probes/matrix_runs/unified_v4_20260829_122423,0.0,3129717426.0,layer_6,6.0,1.0,mlp_1_hidden,mlp,1_hidden,multi_label,768.0,7.0,28.0,400.0,50.0,50.0,306076.0,[384],15.0,0.1399393090569561,,,,,0.3404172515768241,0.3292005864984249,0.4840973287273714,0.5010588376244546,0.3404172515768241,0.4822570330976224,,0.4380220425846678,0.6453115583658605,,0.4482715682750135,,0.1345238095238095,0.1399393090569561,0.2860208760120963,0.1698934837092731,0.1345238095238095,0.275514762407143,,0.4738192026901403,0.6226198103790873,,0.3251412968810132,,0.1059523809523809,0.1058201058201058,0.1881091617933723,0.1260204081632653,0.1059523809523809,0.1796745240872259,,0.4651466812239095,0.6280429763205838,,0.3158107476024578,0.1058201058201058,0.1059523809523809,0.589837262043613,0.6280429763205838,0.0663775868539658,0.03944251896614,0.03944251896614,1.0,0.5,0.02,0.326516274329712,0.3065162743297119,0.2233804806783191,0.2233804806783191,/Volumes/Amirali/hidden_states/experiments/baseline_v5_001/models/distilbert/distilbert-base-uncased/datasets/goEmo/analysis/probes/matrix_runs/unified_v4_20260829_122423/complete_run_metadata.json,0.2825,0.5037513397642015,0.5119825708061002,0.4957805907172996,0.0413392857142857,0.9586607142857144,0.2198274677636989,0.9070239924363525,28.0,28.0,28.0,0.16,0.3064516129032258,0.3333333333333333,0.2835820895522388,0.0614285714285714,0.9385714285714286,0.0970833333333333,0.6303007396277989,21.0,28.0,21.0,0.14,0.2095238095238095,0.2291666666666666,0.1929824561403508,0.0592857142857142,0.9407142857142856,0.0800207039337474,0.7517025985497882,20.0,28.0,20.0
,ISEAR,facebook/opt-125m,/Volumes/Amirali/hidden_states/experiments/baseline_v5_001/models/facebook/opt-125m/datasets/ISEAR/analysis/probes/matrix_runs/unified_v4_20260901_101720,0.0,3129721414.0,layer_10,10.0,0.8333333333333334,mlp_1_hidden,mlp,1_hidden,single_label,768.0,13.0,7.0,1600.0,200.0,200.0,297991.0,[384],29.0,0.6026522604774204,-0.1293708086013794,0.9887040853500366,0.0394088669950738,0.991875,0.9917086948506436,0.9923373646789878,0.9919415574530956,0.9931972789115646,0.9917086948506436,0.9905560906142382,0.9905072332144608,0.0509719169864364,0.9503053575959456,0.9999065542671034,0.9992042500127296,0.61,0.6064564676514462,0.6026522604774204,0.6054822456703054,0.601188823893837,0.6064564676514462,0.544580516719991,0.5442461071021649,1.3060317813405848,0.2708928885756742,0.8875041098327199,0.663559526278236,0.615,0.6117540868681024,0.6181443565553086,0.6195722109394669,0.6314971369779583,0.6117540868681024,0.5507990723822906,0.5499444736688293,1.4903215238747989,0.2253002044979499,0.8790166113936622,0.6653226911552785,0.6181443565553086,0.6117540868681024,0.7753995361911453,0.2253002044979499,,,0.0,0.9222301380596082,0.4353145956993103,0.02,0.4991278966384356,0.4791278966384356,0.3741930081236791,0.3741930081236791,/Volumes/Amirali/hidden_states/experiments/baseline_v5_001/models/facebook/opt-125m/datasets/ISEAR/analysis/probes/matrix_runs/unified_v4_20260901_101720/complete_run_metadata.json,,,,,,,,,,,,,,,,,,,,,,,,,,,,,,,,,
,goEmo,facebook/opt-125m,/Volumes/Amirali/hidden_states/experiments/baseline_v5_001/models/facebook/opt-125m/datasets/goEmo/analysis/probes/matrix_runs/unified_v4_20260830_080552,0.0,3129719420.0,layer_8,8.0,0.6666666666666666,mlp_1_hidden,mlp,1_hidden,multi_label,768.0,13.0,28.0,400.0,50.0,50.0,306076.0,[384],15.0,0.141156462585034,,,,,0.4727193317700716,0.4918883853925733,0.5787869456180269,0.6282235140224672,0.4727193317700716,0.5904601716580625,,0.4308496241868269,0.6499566411848658,,0.611179942697979,,0.1648809523809523,0.141156462585034,0.2992181947405828,0.1613095238095238,0.1648809523809523,0.3340969088251265,,0.4608823638908784,0.6307268692889675,,0.3063811237419312,,0.1851190476190476,0.143040293040293,0.2841205578047683,0.1267857142857142,0.1851190476190476,0.3039754953595797,,0.4599674013503417,0.6313042248367482,,0.2848831652126377,0.143040293040293,0.1851190476190476,0.6519877476797898,0.6313042248367482,0.0387067911092967,0.1043335019309963,0.1043335019309963,1.0,0.5,0.02,0.370323215424773,0.3503232154247729,0.3488480923522802,0.3488480923522802,/Volumes/Amirali/hidden_states/experiments/baseline_v5_001/models/facebook/opt-125m/datasets/goEmo/analysis/probes/matrix_runs/unified_v4_20260830_080552/complete_run_metadata.json,0.425,0.6041189931350115,0.66,0.5569620253164557,0.0308928571428571,0.9691071428571428,0.3705702552526173,0.938111844782604,28.0,28.0,28.0,0.16,0.3539823008849557,0.4347826086956521,0.2985074626865671,0.0521428571428571,0.9478571428571428,0.0992965367965368,0.6842456282750843,21.0,28.0,21.0,0.14,0.3333333333333333,0.3174603174603174,0.3508771929824561,0.0571428571428571,0.9428571428571428,0.1203007518796992,0.7394121302138806,20.0,28.0,20.0
,ISEAR,google-bert/bert-base-uncased,/Volumes/Amirali/hidden_states/experiments/baseline_v5_001/models/google-bert/bert-base-uncased/datasets/ISEAR/analysis/probes/matrix_runs/unified_v4_20260830_092014,0.0,3129721414.0,layer_10,10.0,0.8333333333333334,mlp_1_hidden,mlp,1_hidden,single_label,768.0,13.0,7.0,400.0,50.0,50.0,297991.0,[384],25.0,0.5231058623915767,-0.0039460891857743,0.1557818055152893,0.0476190476190476,0.99,0.990207920836724,0.9904099420170468,0.9900392380970996,0.9906959706959708,0.990207920836724,0.988313080202026,0.98829861923707,0.1104912300788546,0.8953941826914292,0.9998214170159044,0.9988147301762133,0.54,0.5317460317460317,0.5231058623915767,0.5263811188811188,0.5399223792080935,0.5317460317460317,0.463742649234867,0.4593323930418429,1.2983204407248263,0.2729899109451832,0.8660114374906531,0.5703041023269114,0.54,0.5306122448979592,0.529652886795744,0.5431623931623932,0.5372448979591836,0.5306122448979592,0.4639177295159775,0.4626168224299065,1.443303616509228,0.2361463317052758,0.8407034272482777,0.5574889133475128,0.529652886795744,0.5306122448979592,0.7319588647579888,0.2361463317052758,0.1119382231279621,0.4177146636677817,0.4873337742790787,1.0,0.4980269554071128,0.02,0.5677816239440272,0.5477816239440272,0.4607570552213029,0.4607570552213029,/Volumes/Amirali/hidden_states/experiments/baseline_v5_001/models/google-bert/bert-base-uncased/datasets/ISEAR/analysis/probes/matrix_runs/unified_v4_20260830_092014/complete_run_metadata.json,,,,,,,,,,,,,,,,,,,,,,,,,,,,,,,,,
,goEmo,google-bert/bert-base-uncased,/Volumes/Amirali/hidden_states/experiments/baseline_v5_001/models/google-bert/bert-base-uncased/datasets/goEmo/analysis/probes/matrix_runs/unified_v4_20260829_113941,0.0,3129714435.0,layer_3,3.0,0.25,mlp_1_hidden,mlp,1_hidden,multi_label,768.0,13.0,28.0,400.0,50.0,50.0,306076.0,[384],31.0,0.6028344671201814,,,,,0.875,0.8809523809523808,0.9922644163150494,0.8928571428571429,0.875,0.9955860287957168,,0.004267759605994,0.9957413343385104,,0.9430272108843536,,0.5791666666666666,0.6028344671201814,0.8995972518360578,0.6428571428571429,0.5791666666666666,0.9189433750804288,,0.0251323750358765,0.9751808138886112,,0.9206349206349206,,0.6428571428571429,0.6428571428571429,0.9473684210526316,0.6428571428571429,0.6428571428571429,0.9722432316764296,,0.0156896894563463,0.984432752526003,,0.9625,0.6428571428571429,0.6428571428571429,0.9861216158382148,0.984432752526003,0.028766593201117,0.6140905496560259,0.6140905496560259,1.0,0.5,0.02,0.7513224847023949,0.7313224847023949,0.2380952380952379,0.2380952380952379,/Volumes/Amirali/hidden_states/experiments/baseline_v5_001/models/google-bert/bert-base-uncased/datasets/goEmo/analysis/probes/matrix_runs/unified_v4_20260829_113941/complete_run_metadata.json,0.99,0.9957627118644068,1.0,0.9915611814345991,0.0003571428571428,0.9996428571428572,0.875,0.998657357679914,28.0,28.0,28.0,0.86,0.9206349206349206,0.9830508474576272,0.8656716417910447,0.0071428571428571,0.9928571428571428,0.5791666666666666,0.9961127308066084,21.0,28.0,21.0,0.94,0.972972972972973,1.0,0.9473684210526316,0.0021428571428571,0.9978571428571428,0.6428571428571429,0.9953125,20.0,28.0,20.0
,ISEAR,google/electra-small-discriminator,/Volumes/Amirali/hidden_states/experiments/baseline_v5_001/models/google/electra-small-discriminator/datasets/ISEAR/analysis/probes/matrix_runs/unified_v4_20260830_101122,0.0,3129712441.0,layer_1,1.0,0.0833333333333333,mlp_1_hidden,mlp,1_hidden,single_label,256.0,13.0,7.0,400.0,50.0,50.0,33799.0,[128],37.0,0.4118180065548486,-0.0157920084893703,0.218206375837326,0.0476190476190476,0.89,0.8869520364250016,0.8923966836098955,0.8908156648246854,0.9015656929476588,0.8869520364250016,0.871839021828412,0.8710301467032081,0.5712920847214858,0.5647952037848629,0.9890347093355728,0.9543975965093716,0.44,0.4308390022675737,0.4118180065548486,0.4195816464237517,0.4114718614718615,0.4308390022675737,0.3470034853741667,0.3427230046948357,1.714751415593973,0.1800084624485505,0.7545404091267472,0.4472389926754304,0.46,0.4551020408163265,0.4615384615384615,0.4574358974358974,0.5,0.4551020408163265,0.3647168975852983,0.3595825426944971,1.5120487819704018,0.2204578448986373,0.7775860407587982,0.5150031645293325,0.4615384615384615,0.4551020408163265,0.6823584487926492,0.2204578448986373,0.0876898570876161,0.3738486044508454,0.4361567051926529,1.0,0.4921039957553148,0.02,0.5198860141421218,0.4998860141421217,0.430858222071434,0.430858222071434,/Volumes/Amirali/hidden_states/experiments/baseline_v5_001/models/google/electra-small-discriminator/datasets/ISEAR/analysis/probes/matrix_runs/unified_v4_20260830_101122/complete_run_metadata.json,,,,,,,,,,,,,,,,,,,,,,,,,,,,,,,,,
,goEmo,google/electra-small-discriminator,/Volumes/Amirali/hidden_states/experiments/baseline_v5_001/models/google/electra-small-discriminator/datasets/goEmo/analysis/probes/matrix_runs/unified_v4_20260829_131937,0.0,3129712441.0,layer_1,1.0,0.0833333333333333,mlp_1_hidden,mlp,1_hidden,multi_label,256.0,13.0,28.0,400.0,50.0,50.0,36508.0,[128],18.0,0.1119576749194975,,,,,0.2096541800734347,0.1090998281168376,0.26200272430868,0.0960307435259066,0.2096541800734347,0.1652194450421328,,0.5491667502144029,0.5774307540315569,,0.131640357123364,,0.169047619047619,0.1119576749194975,0.2164750029521002,0.0932720057720057,0.169047619047619,0.1499394805574057,,0.5558326238822467,0.5735944738578055,,0.2387979554388422,,0.1559523809523809,0.1090369258071121,0.1593431739884829,0.0957792207792207,0.1559523809523809,0.0788740545717718,,0.5578907820051965,0.572415139776472,,0.3345596618885617,0.1090369258071121,0.1559523809523809,0.5394370272858859,0.572415139776472,0.0691329913212625,0.0399039344858496,0.0399039344858496,1.0,0.5,0.02,0.3217899435623352,0.3017899435623352,6.290230972549882e-05,6.290230972549882e-05,/Volumes/Amirali/hidden_states/experiments/baseline_v5_001/models/google/electra-small-discriminator/datasets/goEmo/analysis/probes/matrix_runs/unified_v4_20260829_131937/complete_run_metadata.json,0.05,0.2022471910112359,0.151578947368421,0.3037974683544304,0.1014285714285714,0.8985714285714286,0.0640145719136656,0.6983570776427325,28.0,28.0,28.0,0.0,0.1956521739130435,0.1538461538461538,0.2686567164179104,0.1057142857142857,0.8942857142857142,0.072027972027972,0.6233284263229608,21.0,28.0,21.0,0.04,0.1243523316062176,0.088235294117647,0.2105263157894736,0.1207142857142857,0.8792857142857142,0.0826078996191778,0.6898598494452318,20.0,28.0,20.0
,ISEAR,microsoft/deberta-v3-small,/Volumes/Amirali/hidden_states/experiments/baseline_v5_001/models/microsoft/deberta-v3-small/datasets/ISEAR/analysis/probes/matrix_runs/unified_v4_20260901_094545,1.0,3129714436.0,layer_3,3.0,0.5,mlp_1_hidden,mlp,1_hidden,single_label,768.0,7.0,7.0,1600.0,200.0,200.0,297991.0,[384],22.0,0.5894830932571292,-0.0109610510990023,0.191029667854309,0.0383426097711812,0.9825,0.9819965355509692,0.9823688722586154,0.9825035633466378,0.982873555519295,0.9819965355509692,0.9795872122160711,0.979562621860148,0.1594213459058705,0.8526370281521578,0.9993392891453834,0.9966473570764964,0.59,0.5897291793227754,0.5894830932571292,0.5876804763810809,0.5981874731874732,0.5897291793227754,0.5215301566736247,0.5205519499503011,1.2858181052483446,0.2764243468928966,0.8705799777111497,0.6248364719314646,0.62,0.6168478248567235,0.6198833515608808,0.6210187209852585,0.627777848158283,0.6168478248567235,0.5567940512489705,0.5558153126826417,1.2312028174182266,0.2919412144324859,0.8862416162192229,0.6443881528777994,0.6198833515608808,0.6168478248567235,0.7783970256244852,0.2919412144324859,,,0.0,0.977074230674318,0.4945194744504988,0.02,0.5158850836956068,0.4958850836956068,0.3624855206977345,0.3624855206977345,/Volumes/Amirali/hidden_states/experiments/baseline_v5_001/models/microsoft/deberta-v3-small/datasets/ISEAR/analysis/probes/matrix_runs/unified_v4_20260901_094545/complete_run_metadata.json,,,,,,,,,,,,,,,,,,,,,,,,,,,,,,,,,
,goEmo,microsoft/deberta-v3-small,/Volumes/Amirali/hidden_states/experiments/baseline_v5_001/models/microsoft/deberta-v3-small/datasets/goEmo/analysis/probes/matrix_runs/unified_v4_20260829_134715,0.0,3129715432.0,layer_4,4.0,0.6666666666666666,mlp_1_hidden,mlp,1_hidden,multi_label,768.0,7.0,28.0,400.0,50.0,50.0,306076.0,[384],14.0,0.1041064094635523,,,,,0.5270117076931108,0.3532459583005482,0.5030826689283859,0.3432159789650588,0.5270117076931108,0.4634779588065087,,0.5296565676400045,0.5888071503879089,,0.4315024323368671,,0.1416666666666666,0.1041064094635523,0.2494338165979957,0.0976641414141414,0.1416666666666666,0.2125878662106263,,0.5483948357683135,0.5778766532480926,,0.2409250597186561,,0.2035714285714285,0.1201994434137291,0.2803144224196855,0.0962130504375663,0.2035714285714285,0.2181134405543662,,0.5468355836196808,0.578778411512869,,0.2795756139084752,0.1201994434137291,0.2035714285714285,0.609056720277183,0.578778411512869,0.069418896130508,0.050780547283221,0.050780547283221,1.0,0.5,0.02,0.3449780337886552,0.3249780337886552,0.2330465148868191,0.2330465148868191,/Volumes/Amirali/hidden_states/experiments/baseline_v5_001/models/microsoft/deberta-v3-small/datasets/goEmo/analysis/probes/matrix_runs/unified_v4_20260829_134715/complete_run_metadata.json,0.1525,0.4730038022813688,0.3697978596908442,0.6561181434599156,0.061875,0.938125,0.2305445117706581,0.9120639765600648,28.0,28.0,28.0,0.1,0.2528735632183908,0.205607476635514,0.3283582089552239,0.0928571428571428,0.9071428571428573,0.0702264996907854,0.6385018003374258,21.0,28.0,21.0,0.02,0.2412060301507537,0.1690140845070422,0.4210526315789473,0.1078571428571428,0.8921428571428571,0.0768714368338428,0.6964322847681845,20.0,28.0,20.0
,ISEAR,EleutherAI/gpt-neo-125m,/Volumes/Amirali/hidden_states/experiments/baseline_v5_001/models/EleutherAI/gpt-neo-125m/datasets/ISEAR/analysis/probes/matrix_runs/unified_v4_20260901_094936,1.0,3280950888.0,layer_8,8.0,0.6666666666666666,mlp_2_hidden,mlp,2_hidden,single_label,768.0,13.0,7.0,1600.0,200.0,200.0,370567.0,"[384, 192]",31.0,0.5485040207075038,-0.1111941412091255,0.9943859577178956,0.0383426097711812,0.994375,0.994243981499456,0.9945722366831662,0.994398487897344,0.994997406682394,0.994243981499456,0.9934500260020628,0.9934309835870389,0.0182511924175817,0.9819143519375508,0.9999678423596357,0.9996449938105264,0.545,0.549466714183463,0.5485040207075038,0.5435437635206329,0.5497635258116624,0.549466714183463,0.4687867128057933,0.4684579439252336,2.2193752259293777,0.1086769861817835,0.8483402969271807,0.5839547856950923,0.595,0.5928529098718197,0.5951391474997545,0.5957021154201455,0.6033593779972337,0.5928529098718197,0.5278539858325011,0.5267724125843485,1.9106963790518088,0.1479773024132519,0.8707433984192984,0.6161710259040134,0.5951391474997545,0.5928529098718197,0.7639269929162505,0.1479773024132519,,,0.0,0.9397759516247391,0.4444029293954372,0.02,0.4832972441667201,0.4632972441667201,0.3994330891834117,0.3994330891834117,/Volumes/Amirali/hidden_states/experiments/baseline_v5_001/models/EleutherAI/gpt-neo-125m/datasets/ISEAR/analysis/probes/matrix_runs/unified_v4_20260901_094936/complete_run_metadata.json,,,,,,,,,,,,,,,,,,,,,,,,,,,,,,,,,
,goEmo,EleutherAI/gpt-neo-125m,/Volumes/Amirali/hidden_states/experiments/baseline_v5_001/models/EleutherAI/gpt-neo-125m/datasets/goEmo/analysis/probes/matrix_runs/unified_v4_20260829_135913,0.0,3280951884.0,layer_9,9.0,0.75,mlp_2_hidden,mlp,2_hidden,multi_label,768.0,13.0,28.0,400.0,50.0,50.0,374620.0,"[384, 192]",13.0,0.0954965282491414,,,,,0.2048109472159527,0.0864374145979309,0.2514975283854696,0.0915295598808667,0.2048109472159527,0.1444184196342001,,0.640685065523696,0.5269313178872421,,0.1308128634296597,,0.1547619047619047,0.0954965282491414,0.2038693660826896,0.0861473868826809,0.1547619047619047,0.0907428831245118,,0.6537202812137095,0.5201072278744101,,0.2296796750948502,,0.1797619047619047,0.0856160065093924,0.2156779575882167,0.085313239715949,0.1797619047619047,0.1121405115591782,,0.647179068410679,0.5235205112683794,,0.212055555752127,0.0856160065093924,0.1797619047619047,0.5560702557795891,0.5235205112683794,0.0233521876183423,0.0622638188910501,0.0622638188910501,1.0,0.5,0.02,0.3215836406136202,0.3015836406136202,0.0008214080885385,0.0008214080885385,/Volumes/Amirali/hidden_states/experiments/baseline_v5_001/models/EleutherAI/gpt-neo-125m/datasets/goEmo/analysis/probes/matrix_runs/unified_v4_20260829_135913/complete_run_metadata.json,0.01,0.1763527054108216,0.1156373193166885,0.3713080168776371,0.1467857142857143,0.8532142857142857,0.0517822446946594,0.6772249616511454,28.0,28.0,28.0,0.02,0.1423487544483986,0.0934579439252336,0.2985074626865671,0.1721428571428571,0.8278571428571428,0.0651391736918052,0.6562878550529583,21.0,28.0,21.0,0.0,0.1478599221789883,0.095,0.3333333333333333,0.1564285714285714,0.8435714285714286,0.0551719114219114,0.6552345084702377,20.0,28.0,20.0
,ISEAR,FacebookAI/roberta-base,/Volumes/Amirali/hidden_states/experiments/baseline_v5_001/models/FacebookAI/roberta-base/datasets/ISEAR/analysis/probes/matrix_runs/unified_v4_20260830_095332,0.0,3280948893.0,layer_6,6.0,0.5,mlp_2_hidden,mlp,2_hidden,single_label,768.0,13.0,7.0,400.0,50.0,50.0,370567.0,"[384, 192]",18.0,0.4468366293885975,-0.0093844356015324,0.2495869100093841,0.0476190476190476,0.825,0.8214260333815415,0.8221095479490871,0.8217989977071372,0.8328978168814665,0.8214260333815415,0.7960279844798925,0.7948928315044611,0.598563861522979,0.5496003718325655,0.9778006772895356,0.9095229738922698,0.46,0.4546485260770975,0.4468366293885975,0.4517234262125902,0.4821995464852607,0.4546485260770975,0.3723658445838262,0.3679775280898876,1.421231932788488,0.2414164248185403,0.8587893123181998,0.5876485281479911,0.56,0.5414965986394558,0.523622409336695,0.5361629481629482,0.6087662337662338,0.5414965986394558,0.4869455083503504,0.4808872109485606,1.3442408411995854,0.2607375739684508,0.8370552343558987,0.5564353839668665,0.523622409336695,0.5414965986394558,0.7434727541751752,0.2607375739684508,0.1474461264487801,0.3761762828879149,0.4388723300359006,1.0,0.4953077821992337,0.02,0.5622646177703553,0.5422646177703553,0.298487138612392,0.298487138612392,/Volumes/Amirali/hidden_states/experiments/baseline_v5_001/models/FacebookAI/roberta-base/datasets/ISEAR/analysis/probes/matrix_runs/unified_v4_20260830_095332/complete_run_metadata.json,,,,,,,,,,,,,,,,,,,,,,,,,,,,,,,,,
,goEmo,FacebookAI/roberta-base,/Volumes/Amirali/hidden_states/experiments/baseline_v5_001/models/FacebookAI/roberta-base/datasets/goEmo/analysis/probes/matrix_runs/unified_v4_20260829_124122,0.0,3280950887.0,layer_8,8.0,0.6666666666666666,mlp_2_hidden,mlp,2_hidden,multi_label,768.0,13.0,28.0,400.0,50.0,50.0,374620.0,"[384, 192]",80.0,0.2307471264367815,,,,,0.9505055810202868,0.970440903634181,0.9904771574913048,1.0,0.9505055810202868,0.9911557124740532,,0.0044526542897107,0.995557244078614,,1.0,,0.1988095238095238,0.2307471264367815,0.449210842340024,0.3222789115646259,0.1988095238095238,0.5575068312818476,,0.1780761224472344,0.8368787158081209,,0.5342173447484588,,0.2803571428571428,0.3174819624819625,0.5595463405989721,0.4029304029304029,0.2803571428571428,0.602052302767233,,0.1303352335583857,0.8778011131999962,,0.5631468733700518,0.3174819624819625,0.2803571428571428,0.8010261513836165,0.8778011131999962,0.0348592090554755,0.2826227534264869,0.2826227534264869,1.0,0.5,0.02,0.5108826467619015,0.4908826467619015,0.6529589411522185,0.6529589411522185,/Volumes/Amirali/hidden_states/experiments/baseline_v5_001/models/FacebookAI/roberta-base/datasets/goEmo/analysis/probes/matrix_runs/unified_v4_20260829_124122/complete_run_metadata.json,0.98,0.9914893617021276,1.0,0.9831223628691984,0.0007142857142857,0.9992857142857144,0.9505055810202868,1.0,28.0,28.0,28.0,0.34,0.5306122448979592,0.8387096774193549,0.3880597014925373,0.0328571428571428,0.9671428571428572,0.1826930772308923,0.7946785477322441,21.0,28.0,21.0,0.48,0.6041666666666666,0.7435897435897436,0.5087719298245614,0.0271428571428571,0.9728571428571428,0.2574529811924769,0.8584696711346937,20.0,28.0,20.0
,ISEAR,distilbert/distilbert-base-uncased,/Volumes/Amirali/hidden_states/experiments/baseline_v5_001/models/distilbert/distilbert-base-uncased/datasets/ISEAR/analysis/probes/matrix_runs/unified_v4_20260830_094625,0.0,3280943908.0,layer_1,1.0,0.1666666666666666,mlp_2_hidden,mlp,2_hidden,single_label,768.0,7.0,7.0,400.0,50.0,50.0,370567.0,"[384, 192]",25.0,0.4437229437229438,-0.0116181233897805,0.1614632904529571,0.0476190476190476,0.995,0.9946014769544184,0.9953701949487216,0.9950094892058012,0.9962406015037594,0.9946014769544184,0.9941698965157068,0.9941480256901672,0.0377972949099959,0.9629081074844936,0.999957295472288,0.9995666817412108,0.46,0.4546485260770975,0.4437229437229438,0.4443939393939394,0.5012820512820513,0.4546485260770975,0.3734067687083949,0.3650047036688617,2.131844448868635,0.1186183065577286,0.7961353408136489,0.4782361400193773,0.48,0.4782312925170067,0.4682206215819661,0.4720961718020542,0.5735621521335806,0.4782312925170067,0.4023632169097105,0.3930905695611578,1.8399660947062373,0.1588228109496943,0.807168277458975,0.5783110442012039,0.4682206215819661,0.4782312925170067,0.7011816084548552,0.1588228109496943,0.1289907115754696,0.3392299100064965,0.3957682283409125,1.0,0.4941909383051097,0.02,0.5137125642196783,0.4937125642196782,0.5271495733667555,0.5271495733667555,/Volumes/Amirali/hidden_states/experiments/baseline_v5_001/models/distilbert/distilbert-base-uncased/datasets/ISEAR/analysis/probes/matrix_runs/unified_v4_20260830_094625/complete_run_metadata.json,,,,,,,,,,,,,,,,,,,,,,,,,,,,,,,,,
,goEmo,distilbert/distilbert-base-uncased,/Volumes/Amirali/hidden_states/experiments/baseline_v5_001/models/distilbert/distilbert-base-uncased/datasets/goEmo/analysis/probes/matrix_runs/unified_v4_20260829_122423,0.0,3280948893.0,layer_6,6.0,1.0,mlp_2_hidden,mlp,2_hidden,multi_label,768.0,7.0,28.0,400.0,50.0,50.0,374620.0,"[384, 192]",13.0,0.0789145378431092,,,,,0.2863874122585759,0.1117415338208257,0.2726701918061608,0.1106293724766346,0.2863874122585759,0.1892819733389131,,0.6416480295941246,0.526424146193784,,0.126153258964408,,0.1386904761904762,0.0789145378431092,0.1818405475121892,0.0602324263038548,0.1386904761904762,0.102383882931763,,0.6480684306388673,0.5230551188818562,,0.1999239858852242,,0.1714285714285714,0.0969588241800785,0.1898007213154838,0.0877437696403213,0.1714285714285714,0.112414047006651,,0.6445813036547736,0.5248822623902801,,0.2281366895319871,0.0969588241800785,0.1714285714285714,0.5562070235033255,0.5248822623902801,0.0422238218927522,0.0547350022873262,0.0547350022873262,1.0,0.5,0.02,0.3218202719812975,0.3018202719812974,0.0147827096407472,0.0147827096407472,/Volumes/Amirali/hidden_states/experiments/baseline_v5_001/models/distilbert/distilbert-base-uncased/datasets/goEmo/analysis/probes/matrix_runs/unified_v4_20260829_122423/complete_run_metadata.json,0.0175,0.2120901639344262,0.1400541271989174,0.4367088607594936,0.1373214285714285,0.8626785714285714,0.0654843007737912,0.6708092280823382,28.0,28.0,28.0,0.02,0.1526104417670682,0.1043956043956044,0.2835820895522388,0.1507142857142857,0.8492857142857143,0.0483956916099773,0.6039137939262776,21.0,28.0,21.0,0.02,0.1493775933609958,0.0978260869565217,0.3157894736842105,0.1464285714285714,0.8535714285714285,0.0608876555775052,0.607437532347544,20.0,28.0,20.0
,ISEAR,facebook/opt-125m,/Volumes/Amirali/hidden_states/experiments/baseline_v5_001/models/facebook/opt-125m/datasets/ISEAR/analysis/probes/matrix_runs/unified_v4_20260901_101720,0.0,3280951884.0,layer_9,9.0,0.75,mlp_2_hidden,mlp,2_hidden,single_label,768.0,13.0,7.0,1600.0,200.0,200.0,370567.0,"[384, 192]",18.0,0.6371959040026266,-0.1325832158327102,0.9929070472717284,0.0394088669950738,0.9125,0.9118566105131132,0.9113552982503622,0.9126162832080432,0.9112503020957928,0.9118566105131132,0.8978736667171401,0.897813855163913,0.3271816040968086,0.7209528031546998,0.9924726712860772,0.9641633817099182,0.64,0.6386649998599784,0.6371959040026266,0.6385477267830209,0.6416675005023688,0.6386649998599784,0.580507063873525,0.5795743189979854,1.12474823284394,0.3247342144769524,0.8918646410176626,0.6839877288607846,0.63,0.6284668698725984,0.6298606164481679,0.6297994592285693,0.6352944413924451,0.6284668698725984,0.5681443093552987,0.5674791045648488,1.2361608248695912,0.2904973500189652,0.8858153763118539,0.6679670744240029,0.6298606164481679,0.6284668698725984,0.7840721546776493,0.2904973500189652,,,0.0,0.9261558269346,0.4337083920836448,0.02,0.5126967450941179,0.4926967450941178,0.2814946818021943,0.2814946818021943,/Volumes/Amirali/hidden_states/experiments/baseline_v5_001/models/facebook/opt-125m/datasets/ISEAR/analysis/probes/matrix_runs/unified_v4_20260901_101720/complete_run_metadata.json,,,,,,,,,,,,,,,,,,,,,,,,,,,,,,,,,
,goEmo,facebook/opt-125m,/Volumes/Amirali/hidden_states/experiments/baseline_v5_001/models/facebook/opt-125m/datasets/goEmo/analysis/probes/matrix_runs/unified_v4_20260830_080552,0.0,3280945902.0,layer_3,3.0,0.25,mlp_2_hidden,mlp,2_hidden,multi_label,768.0,13.0,28.0,400.0,50.0,50.0,374620.0,"[384, 192]",54.0,0.098195084485407,,,,,0.7704459639333591,0.8130050021032008,0.9539252315583752,0.8928571428571429,0.7704459639333591,0.96308155754901,,0.0151957137923999,0.9849191584750028,,0.997718253968254,,0.0934523809523809,0.098195084485407,0.216546300754293,0.1339285714285714,0.0934523809523809,0.3161551802765179,,0.1914318919339657,0.8257758651884152,,0.2870798462149326,,0.0982142857142857,0.1165532879818594,0.2636591478696742,0.1678571428571428,0.0982142857142857,0.3543052861419705,,0.1797363191104137,0.8354904852433856,,0.2732727353794353,0.1165532879818594,0.0982142857142857,0.6771526430709853,0.8354904852433856,0.0472082123641746,0.0693450756176847,0.0693450756176847,1.0,0.5,0.02,0.367861424961131,0.347861424961131,0.6964517141213414,0.6964517141213414,/Volumes/Amirali/hidden_states/experiments/baseline_v5_001/models/facebook/opt-125m/datasets/goEmo/analysis/probes/matrix_runs/unified_v4_20260830_080552/complete_run_metadata.json,0.9225,0.9639344262295082,1.0,0.930379746835443,0.0029464285714285,0.9970535714285714,0.7704459639333591,0.9999460278005,28.0,28.0,28.0,0.2,0.3010752688172043,0.5384615384615384,0.208955223880597,0.0464285714285714,0.9535714285714284,0.0761128364389233,0.6959398295268332,21.0,28.0,21.0,0.26,0.3414634146341463,0.56,0.2456140350877192,0.0385714285714285,0.9614285714285714,0.0846088435374149,0.664991007996221,20.0,28.0,20.0
,ISEAR,google-bert/bert-base-uncased,/Volumes/Amirali/hidden_states/experiments/baseline_v5_001/models/google-bert/bert-base-uncased/datasets/ISEAR/analysis/probes/matrix_runs/unified_v4_20260830_092014,0.0,3280943908.0,layer_1,1.0,0.0833333333333333,mlp_2_hidden,mlp,2_hidden,single_label,768.0,13.0,7.0,400.0,50.0,50.0,370567.0,"[384, 192]",23.0,0.4844525222676483,-0.010576918721199,0.139449268579483,0.0476190476190476,0.9825,0.9826751780098636,0.98325992847732,0.982525494071146,0.9842815595137576,0.9826751780098636,0.9795836766767968,0.9795191386334876,0.103492435052723,0.9016828438992291,0.9996034841809448,0.9978500186686948,0.5,0.4954648526077097,0.4844525222676483,0.4899506375976964,0.5115646258503401,0.4954648526077097,0.4236081434004608,0.415614773258532,1.651910631868286,0.1916833222623503,0.8327156787877151,0.5603712968135381,0.52,0.5129251700680272,0.516207414139745,0.5246464237516869,0.5276077097505668,0.5129251700680272,0.4409435688629468,0.4384651380439868,1.6776991553179783,0.1868032873109317,0.8046191626756409,0.5529547121068827,0.516207414139745,0.5129251700680272,0.7204717844314734,0.1868032873109317,0.1200034790778892,0.3962039350618557,0.4622379242388317,1.0,0.4947115406394005,0.02,0.5499248873206909,0.5299248873206909,0.4670525143375749,0.4670525143375749,/Volumes/Amirali/hidden_states/experiments/baseline_v5_001/models/google-bert/bert-base-uncased/datasets/ISEAR/analysis/probes/matrix_runs/unified_v4_20260830_092014/complete_run_metadata.json,,,,,,,,,,,,,,,,,,,,,,,,,,,,,,,,,
,goEmo,google-bert/bert-base-uncased,/Volumes/Amirali/hidden_states/experiments/baseline_v5_001/models/google-bert/bert-base-uncased/datasets/goEmo/analysis/probes/matrix_runs/unified_v4_20260829_113941,0.0,3280942911.0,layer_0,0.0,0.0,mlp_2_hidden,mlp,2_hidden,multi_label,768.0,13.0,28.0,400.0,50.0,50.0,374620.0,"[384, 192]",57.0,0.6270253555967843,,,,,1.0,1.0,1.0,1.0,1.0,1.0,,0.000760819189214,0.9992394701603196,,1.0,,0.5952380952380951,0.6270253555967843,0.8971893777863927,0.6785714285714286,0.5952380952380951,0.9189187113145664,,0.0235760702950461,0.9766996740104696,,0.9249639249639248,,0.6428571428571429,0.6428571428571429,0.9473684210526316,0.6428571428571429,0.6428571428571429,0.9722432316764296,,0.013231497480347,0.986855653977553,,0.95,0.6428571428571429,0.6428571428571429,0.9861216158382148,0.986855653977553,0.0235997890005025,0.6192573538566404,0.6192573538566404,1.0,0.5,0.02,0.7525981356876728,0.7325981356876727,0.3571428571428571,0.3571428571428571,/Volumes/Amirali/hidden_states/experiments/baseline_v5_001/models/google-bert/bert-base-uncased/datasets/goEmo/analysis/probes/matrix_runs/unified_v4_20260829_113941/complete_run_metadata.json,1.0,1.0,1.0,1.0,0.0,1.0,1.0,1.0,28.0,28.0,28.0,0.88,0.9193548387096774,1.0,0.8507462686567164,0.0071428571428571,0.9928571428571428,0.5952380952380951,0.988338192419825,21.0,28.0,21.0,0.94,0.972972972972973,1.0,0.9473684210526316,0.0021428571428571,0.9978571428571428,0.6428571428571429,0.9974170918367348,20.0,28.0,20.0
,ISEAR,google/electra-small-discriminator,/Volumes/Amirali/hidden_states/experiments/baseline_v5_001/models/google/electra-small-discriminator/datasets/ISEAR/analysis/probes/matrix_runs/unified_v4_20260830_101122,0.0,3280943908.0,layer_1,1.0,0.0833333333333333,mlp_2_hidden,mlp,2_hidden,single_label,256.0,13.0,7.0,400.0,50.0,50.0,41607.0,"[128, 64]",33.0,0.4655119316773451,-0.0157920084893703,0.218206375837326,0.0476190476190476,0.815,0.8086880388380118,0.8146303763684318,0.8147064317504842,0.8290349508682423,0.8086880388380118,0.7844917062750396,0.7828877397586826,0.663365807487243,0.5151146367349697,0.9762166488544848,0.8966667524609051,0.5,0.4875283446712018,0.4655119316773451,0.4772543246227457,0.4814625850340135,0.4875283446712018,0.4213632290517324,0.4139709329582747,1.6919732501279454,0.1841557798158101,0.7803251149718209,0.4607935473991896,0.44,0.4346938775510204,0.4340637967967161,0.4345349143610013,0.4446363160648875,0.4346938775510204,0.3409401423619742,0.3393109957527136,1.6052970168524023,0.2008298961872137,0.7574941393047706,0.5142311698142847,0.4340637967967161,0.4346938775510204,0.6704700711809871,0.2008298961872137,0.1222429852814638,0.3118208115152523,0.3637909467677943,1.0,0.4921039957553148,0.02,0.4917369202690261,0.4717369202690261,0.3805665795717157,0.3805665795717157,/Volumes/Amirali/hidden_states/experiments/baseline_v5_001/models/google/electra-small-discriminator/datasets/ISEAR/analysis/probes/matrix_runs/unified_v4_20260830_101122/complete_run_metadata.json,,,,,,,,,,,,,,,,,,,,,,,,,,,,,,,,,
,goEmo,google/electra-small-discriminator,/Volumes/Amirali/hidden_states/experiments/baseline_v5_001/models/google/electra-small-discriminator/datasets/goEmo/analysis/probes/matrix_runs/unified_v4_20260829_131937,0.0,3280951884.0,layer_9,9.0,0.75,mlp_2_hidden,mlp,2_hidden,multi_label,256.0,13.0,28.0,400.0,50.0,50.0,42972.0,"[128, 64]",16.0,0.0777172825651999,,,,,0.2691075516386075,0.0751589257512262,0.2256233988727227,0.0562345213748311,0.2691075516386075,0.0789060488923515,,0.6400218177342826,0.5272809198425499,,0.093506728035546,,0.3059523809523809,0.0777172825651999,0.1958138836326224,0.0522008197799011,0.3059523809523809,0.0910219965138134,,0.6519810952138104,0.5210125781416243,,0.1362233268331636,,0.2517857142857143,0.102699162396743,0.1875306941690642,0.1055982895550564,0.2517857142857143,0.0707571312707278,,0.6422342705724072,0.5261156252299796,,0.1948540796042112,0.102699162396743,0.2517857142857143,0.5353785656353639,0.5261156252299796,0.0400641997381883,0.0626349626585547,0.0626349626585547,1.0,0.5,0.02,0.3338879876420564,0.3138879876420564,-0.0275402366455168,0.0,/Volumes/Amirali/hidden_states/experiments/baseline_v5_001/models/google/electra-small-discriminator/datasets/goEmo/analysis/probes/matrix_runs/unified_v4_20260829_131937/complete_run_metadata.json,0.0,0.1206726013847675,0.0715123094958968,0.3860759493670886,0.238125,0.761875,0.044273619405531,0.6412994225878839,28.0,28.0,28.0,0.0,0.1364705882352941,0.0810055865921787,0.4328358208955223,0.2621428571428571,0.7378571428571429,0.0462295004940516,0.5819269479827069,21.0,28.0,21.0,0.0,0.1129032258064516,0.0666666666666666,0.3684210526315789,0.2357142857142857,0.7642857142857142,0.0633720876824325,0.5768641046104435,20.0,28.0,20.0
,ISEAR,microsoft/deberta-v3-small,/Volumes/Amirali/hidden_states/experiments/baseline_v5_001/models/microsoft/deberta-v3-small/datasets/ISEAR/analysis/probes/matrix_runs/unified_v4_20260901_094545,0.0,3280946899.0,layer_4,4.0,0.6666666666666666,mlp_2_hidden,mlp,2_hidden,single_label,768.0,7.0,7.0,1600.0,200.0,200.0,370567.0,"[384, 192]",19.0,0.5955474384905474,-0.0203228835016489,0.2234707921743393,0.0394088669950738,0.968125,0.9676072836803498,0.967709501248318,0.9683171421826878,0.968282914083918,0.9676072836803498,0.9628583173059828,0.9627686950427612,0.1644676443072699,0.8483452052970734,0.998833839734226,0.9937965714679224,0.59,0.5853742119831425,0.5955474384905474,0.5992357127689233,0.6125718390804599,0.5853742119831425,0.5216889373543417,0.5209720761771235,1.3084073884459853,0.2702501172930748,0.8836902866290466,0.6370579529981503,0.61,0.6125740942203678,0.613133443177872,0.6112894608806871,0.6158433919724242,0.6125740942203678,0.5450350504481495,0.5446850738427412,1.4038930612830849,0.2456388131288137,0.8804870704527551,0.662512153751185,0.613133443177872,0.6125740942203678,0.7725175252240748,0.2456388131288137,,,0.0,0.9594744096273008,0.4898385582491755,0.02,0.5060503538992046,0.4860503538992046,0.3545760580704459,0.3545760580704459,/Volumes/Amirali/hidden_states/experiments/baseline_v5_001/models/microsoft/deberta-v3-small/datasets/ISEAR/analysis/probes/matrix_runs/unified_v4_20260901_094545/complete_run_metadata.json,,,,,,,,,,,,,,,,,,,,,,,,,,,,,,,,,
,goEmo,microsoft/deberta-v3-small,/Volumes/Amirali/hidden_states/experiments/baseline_v5_001/models/microsoft/deberta-v3-small/datasets/goEmo/analysis/probes/matrix_runs/unified_v4_20260829_134715,0.0,3280944905.0,layer_2,2.0,0.3333333333333333,mlp_2_hidden,mlp,2_hidden,multi_label,768.0,7.0,28.0,400.0,50.0,50.0,374620.0,"[384, 192]",13.0,0.0676250078423991,,,,,0.2798531330626234,0.1327979414270008,0.2987884216362952,0.1089145175464399,0.2798531330626234,0.213982337773807,,0.6452692102636953,0.5245213165758155,,0.1553991406111579,,0.1678571428571428,0.0676250078423991,0.1642315432062349,0.0463209434877516,0.1678571428571428,0.1261061279074036,,0.6532293226487754,0.5203626416662831,,0.1747246686211334,,0.2208333333333333,0.1122305680645463,0.19555335550936,0.0905412296037296,0.2208333333333333,0.1377801000188202,,0.6486661566346438,0.5227425686590786,,0.2081750142945967,0.1122305680645463,0.2208333333333333,0.5688900500094102,0.5227425686590786,0.0447882516219548,0.0674423164425915,0.0674423164425915,1.0,0.5,0.02,0.3372788696719743,0.3172788696719743,0.0205673733624544,0.0205673733624544,/Volumes/Amirali/hidden_states/experiments/baseline_v5_001/models/microsoft/deberta-v3-small/datasets/goEmo/analysis/probes/matrix_runs/unified_v4_20260829_134715/complete_run_metadata.json,0.0175,0.2334754797441364,0.1562054208273894,0.4620253164556962,0.1283928571428571,0.8716071428571428,0.078651159913244,0.725989630618357,28.0,28.0,28.0,0.0,0.1712062256809338,0.1157894736842105,0.3283582089552239,0.1521428571428571,0.8478571428571429,0.0449095547309833,0.5944094181944622,21.0,28.0,21.0,0.0,0.168,0.1088082901554404,0.3684210526315789,0.1485714285714285,0.8514285714285714,0.0810662430279026,0.566929568677883,20.0,28.0,20.0
,ISEAR,EleutherAI/gpt-neo-125m,/Volumes/Amirali/hidden_states/experiments/baseline_v5_001/models/EleutherAI/gpt-neo-125m/datasets/ISEAR/analysis/probes/matrix_runs/unified_v4_20260901_094936,1.0,3349349858.0,layer_8,8.0,0.6666666666666666,mlp_3_hidden,mlp,3_hidden,single_label,768.0,13.0,7.0,1600.0,200.0,200.0,388423.0,"[384, 192, 96]",25.0,0.5649712923421744,-0.1111941412091255,0.9943859577178956,0.0383426097711812,0.984375,0.9848548480495376,0.9849192262129364,0.9844029887827072,0.985021375280727,0.9848548480495376,0.9817607663589134,0.9817544967183182,0.0617790931882674,0.9400905362577584,0.999462004908459,0.997264433287558,0.565,0.5679470764138251,0.5649712923421744,0.561812725341301,0.5692022263450834,0.5679470764138251,0.4929778619759765,0.491911464112597,2.1893442560345573,0.1119901614172362,0.8552762085308796,0.6007983566646108,0.56,0.5597557182651732,0.5595057306807987,0.5580844081469725,0.5667318209335016,0.5597557182651732,0.486990892380376,0.4859362677804714,2.1360863350548813,0.1181162068794316,0.8544201479762333,0.6103549768987542,0.5595057306807987,0.5597557182651732,0.743495446190188,0.1181162068794316,,,0.0,0.9694210261934524,0.4444029293954372,0.02,0.4663379771155641,0.4463379771155641,0.4254134955321376,0.4254134955321376,/Volumes/Amirali/hidden_states/experiments/baseline_v5_001/models/EleutherAI/gpt-neo-125m/datasets/ISEAR/analysis/probes/matrix_runs/unified_v4_20260901_094936/complete_run_metadata.json,,,,,,,,,,,,,,,,,,,,,,,,,,,,,,,,,
,goEmo,EleutherAI/gpt-neo-125m,/Volumes/Amirali/hidden_states/experiments/baseline_v5_001/models/EleutherAI/gpt-neo-125m/datasets/goEmo/analysis/probes/matrix_runs/unified_v4_20260829_135913,0.0,3349352848.0,layer_11,11.0,0.9166666666666666,mlp_3_hidden,mlp,3_hidden,multi_label,768.0,13.0,28.0,400.0,50.0,50.0,390460.0,"[384, 192, 96]",14.0,0.0705236892736892,,,,,0.300099281038722,0.0856337231831828,0.244144886258037,0.0630286768994961,0.300099281038722,0.1744634534934932,,0.6466026299965345,0.5238223755964057,,0.1306274912807404,,0.2178571428571428,0.0705236892736892,0.1775353032815719,0.0588893709260088,0.2178571428571428,0.1196105267232822,,0.6491294608757849,0.522500435904891,,0.1724749367935269,,0.1607142857142857,0.0586941537621337,0.1414072083649745,0.0389127375087966,0.1607142857142857,0.1161087040994873,,0.6517166153930903,0.521150393678795,,0.1288236235310533,0.0586941537621337,0.1607142857142857,0.5580543520497436,0.521150393678795,0.0291997706845966,0.0294943830775371,0.0294943830775371,1.0,0.5,0.02,0.3055027500885248,0.2855027500885247,0.026939569421049,0.026939569421049,/Volumes/Amirali/hidden_states/experiments/baseline_v5_001/models/EleutherAI/gpt-neo-125m/datasets/goEmo/analysis/probes/matrix_runs/unified_v4_20260829_135913/complete_run_metadata.json,0.0,0.1908271908271908,0.1183943089430894,0.4915611814345991,0.1764285714285714,0.8235714285714286,0.0511893965333555,0.6684233783643967,28.0,28.0,28.0,0.0,0.1614906832298136,0.1019607843137254,0.3880597014925373,0.1928571428571428,0.8071428571428572,0.0419491030891292,0.540120725045681,21.0,28.0,21.0,0.0,0.1471571906354515,0.0909090909090909,0.3859649122807017,0.1821428571428571,0.8178571428571428,0.0387426694815857,0.4756904898811145,20.0,28.0,20.0
,ISEAR,FacebookAI/roberta-base,/Volumes/Amirali/hidden_states/experiments/baseline_v5_001/models/FacebookAI/roberta-base/datasets/ISEAR/analysis/probes/matrix_runs/unified_v4_20260830_095332,0.0,3349346866.0,layer_5,5.0,0.4166666666666667,mlp_3_hidden,mlp,3_hidden,single_label,768.0,13.0,7.0,400.0,50.0,50.0,388423.0,"[384, 192, 96]",23.0,0.502460446821349,-0.0104492399841547,0.2488516122102737,0.0476190476190476,0.965,0.9618197423924434,0.9644318154744818,0.9649620896317072,0.967940468401347,0.9618197423924434,0.959222323502528,0.9590037921492262,0.1585346240338957,0.8533934153568542,0.9981611657221894,0.9910305837559928,0.5,0.5022675736961452,0.502460446821349,0.498344252238989,0.5414442700156986,0.5022675736961452,0.4196698336820592,0.414519906323185,2.0682764205696897,0.1264034604622086,0.8171155715418742,0.5296757519266783,0.5,0.4775510204081632,0.4756648113790971,0.4854592074592074,0.5383812615955473,0.4775510204081632,0.4152997322366327,0.4070208728652752,1.6774985468569283,0.1868407653900024,0.8318068199795776,0.5866963253785993,0.4756648113790971,0.4775510204081632,0.7076498661183164,0.1868407653900024,0.117580105080105,0.3580847062989921,0.4177654906821574,1.0,0.4947753800079226,0.02,0.5236722794995741,0.503672279499574,0.4887670040953846,0.4887670040953846,/Volumes/Amirali/hidden_states/experiments/baseline_v5_001/models/FacebookAI/roberta-base/datasets/ISEAR/analysis/probes/matrix_runs/unified_v4_20260830_095332/complete_run_metadata.json,,,,,,,,,,,,,,,,,,,,,,,,,,,,,,,,,
,goEmo,FacebookAI/roberta-base,/Volumes/Amirali/hidden_states/experiments/baseline_v5_001/models/FacebookAI/roberta-base/datasets/goEmo/analysis/probes/matrix_runs/unified_v4_20260829_124122,0.0,3349345869.0,layer_4,4.0,0.3333333333333333,mlp_3_hidden,mlp,3_hidden,multi_label,768.0,13.0,28.0,400.0,50.0,50.0,390460.0,"[384, 192, 96]",13.0,0.0327220808747902,,,,,0.3362136045171759,0.0685700178627058,0.2103768738223567,0.0468409654509066,0.3362136045171759,0.1299881030719279,,0.6696608085390787,0.511882174406189,,0.1067109333381945,,0.1309523809523809,0.0327220808747902,0.1273497989401232,0.0198434604230883,0.1309523809523809,0.0325763574378052,,0.6690335962602026,0.5122033338983742,,0.1494122533328132,,0.2339285714285714,0.062027087132188,0.170042692601757,0.0597424107983114,0.2339285714285714,0.0940401264055394,,0.6668832349591846,0.5133059412030045,,0.1673660161668537,0.062027087132188,0.2339285714285714,0.5470200632027697,0.5133059412030045,0.035339591830424,0.026687495301764,0.026687495301764,1.0,0.5,0.02,0.3143171601584015,0.2943171601584015,0.0065429307305177,0.0065429307305177,/Volumes/Amirali/hidden_states/experiments/baseline_v5_001/models/FacebookAI/roberta-base/datasets/goEmo/analysis/probes/matrix_runs/unified_v4_20260829_124122/complete_run_metadata.json,0.0,0.1470422535211267,0.0848504551365409,0.5506329113924051,0.2703571428571428,0.7296428571428571,0.0406859343816914,0.640164599787399,28.0,28.0,28.0,0.0,0.1006864988558352,0.0594594594594594,0.3283582089552239,0.2807142857142857,0.7192857142857143,0.019382211616704,0.4703879364023269,21.0,28.0,21.0,0.0,0.1259445843828715,0.0735294117647058,0.4385964912280701,0.2478571428571428,0.7521428571428571,0.0377437639744645,0.5226663094335297,20.0,28.0,20.0
,ISEAR,distilbert/distilbert-base-uncased,/Volumes/Amirali/hidden_states/experiments/baseline_v5_001/models/distilbert/distilbert-base-uncased/datasets/ISEAR/analysis/probes/matrix_runs/unified_v4_20260830_094625,0.0,3349344872.0,layer_3,3.0,0.5,mlp_3_hidden,mlp,3_hidden,single_label,768.0,7.0,7.0,400.0,50.0,50.0,388423.0,"[384, 192, 96]",20.0,0.4768089053803339,-0.0122285401448607,0.196807712316513,0.0476190476190476,0.77,0.7686316837502175,0.7710378188240133,0.7686429414084164,0.7786637557575674,0.7686316837502175,0.7311269351674988,0.7303574961348799,0.6211707422352879,0.537315011840894,0.9692241655308692,0.8744234157116468,0.48,0.473922902494331,0.4768089053803339,0.4815584415584416,0.5059781488352917,0.473922902494331,0.3941663622311993,0.3913857677902621,1.5398752319337854,0.2144078510111482,0.8187556395562229,0.5035744575990979,0.48,0.4789115646258503,0.4789149773621823,0.4759754738015608,0.5073914181057038,0.4789115646258503,0.3893933986791651,0.3867924528301887,1.6126781052060333,0.1993530101975081,0.781611763098474,0.5032371312441023,0.4789149773621823,0.4789115646258503,0.6946966993395826,0.1993530101975081,0.1250482905162708,0.3538666868459115,0.4128444679868968,1.0,0.4938857299275696,0.02,0.5229684650488692,0.5029684650488692,0.292122841461831,0.292122841461831,/Volumes/Amirali/hidden_states/experiments/baseline_v5_001/models/distilbert/distilbert-base-uncased/datasets/ISEAR/analysis/probes/matrix_runs/unified_v4_20260830_094625/complete_run_metadata.json,,,,,,,,,,,,,,,,,,,,,,,,,,,,,,,,,
,goEmo,distilbert/distilbert-base-uncased,/Volumes/Amirali/hidden_states/experiments/baseline_v5_001/models/distilbert/distilbert-base-uncased/datasets/goEmo/analysis/probes/matrix_runs/unified_v4_20260829_122423,0.0,3349345869.0,layer_4,4.0,0.6666666666666666,mlp_3_hidden,mlp,3_hidden,multi_label,768.0,7.0,28.0,400.0,50.0,50.0,390460.0,"[384, 192, 96]",13.0,0.0675197092674296,,,,,0.429143475572047,0.0985974289088389,0.2400661304763478,0.0851790346428323,0.429143475572047,0.116408300897319,,0.6801529067972623,0.506539533106023,,0.1254606180574476,,0.2976190476190475,0.0675197092674296,0.1664369820927458,0.064716855404097,0.2976190476190475,0.0608246727490739,,0.6830010522314676,0.5050988874056677,,0.1334013587204396,,0.3678571428571429,0.0868175610309063,0.1719018695553203,0.0668028467854251,0.3678571428571429,0.0717202706424615,,0.6825860115359159,0.5053085675090969,,0.2526098242011947,0.0868175610309063,0.3678571428571429,0.5358601353212308,0.5053085675090969,0.0396404960247574,0.0471770650061489,0.0471770650061489,1.0,0.5,0.02,0.3422282517366221,0.3222282517366221,0.0117798678779325,0.0117798678779325,/Volumes/Amirali/hidden_states/experiments/baseline_v5_001/models/distilbert/distilbert-base-uncased/datasets/goEmo/analysis/probes/matrix_runs/unified_v4_20260829_122423/complete_run_metadata.json,0.0,0.1332712022367194,0.0749083289680461,0.6033755274261603,0.3321428571428571,0.6678571428571429,0.0585606795276538,0.6726421682559788,28.0,28.0,28.0,0.0,0.1149825783972125,0.0650887573964497,0.4925373134328358,0.3628571428571429,0.6371428571428571,0.0409073315945731,0.556377103008175,21.0,28.0,21.0,0.0,0.1071428571428571,0.0596421471172962,0.5263157894736842,0.3571428571428571,0.6428571428571428,0.0539804450974772,0.6694975885814477,20.0,28.0,20.0
,ISEAR,facebook/opt-125m,/Volumes/Amirali/hidden_states/experiments/baseline_v5_001/models/facebook/opt-125m/datasets/ISEAR/analysis/probes/matrix_runs/unified_v4_20260901_101720,0.0,3349352848.0,layer_11,11.0,0.9166666666666666,mlp_3_hidden,mlp,3_hidden,single_label,768.0,13.0,7.0,1600.0,200.0,200.0,388423.0,"[384, 192, 96]",21.0,0.5845550296407055,-0.1244639605283737,0.9810657501220704,0.0394088669950738,0.96375,0.9633556164304242,0.96334176005509,0.9639505453494782,0.9646995812188204,0.9633556164304242,0.9578785332632752,0.9576578011166842,0.1316899444030155,0.8766127516374085,0.9991429748200789,0.9954055739408848,0.59,0.5849216905946605,0.5845550296407055,0.5912602022989489,0.5920144046602435,0.5849216905946605,0.5231320099316847,0.521559017445592,1.5824117928381662,0.2054789275091657,0.8705147894398756,0.6396601719564213,0.615,0.6172638548778704,0.6127877498845241,0.6134619547119547,0.6349374797870324,0.6172638548778704,0.5545277487413457,0.5511120179555193,1.6794684902553751,0.1864730619540513,0.8721174883618811,0.6550829820616059,0.6127877498845241,0.6172638548778704,0.7772638743706728,0.1864730619540513,,,0.0,0.921784975685876,0.4377680197358131,0.02,0.4950903016091958,0.4750903016091958,0.350554010170566,0.350554010170566,/Volumes/Amirali/hidden_states/experiments/baseline_v5_001/models/facebook/opt-125m/datasets/ISEAR/analysis/probes/matrix_runs/unified_v4_20260901_101720/complete_run_metadata.json,,,,,,,,,,,,,,,,,,,,,,,,,,,,,,,,,
,goEmo,facebook/opt-125m,/Volumes/Amirali/hidden_states/experiments/baseline_v5_001/models/facebook/opt-125m/datasets/goEmo/analysis/probes/matrix_runs/unified_v4_20260830_080552,0.0,3349349857.0,layer_8,8.0,0.6666666666666666,mlp_3_hidden,mlp,3_hidden,multi_label,768.0,13.0,28.0,400.0,50.0,50.0,390460.0,"[384, 192, 96]",57.0,0.1025510204081632,,,,,0.4307002278378329,0.5105001362683856,0.7805244474899281,0.7482993197278912,0.4307002278378329,0.8403884696290426,,0.0347203620908439,0.9658754738946552,,0.9435292342235524,,0.0934523809523809,0.1025510204081632,0.2309168443496801,0.141025641025641,0.0934523809523809,0.3312929000222173,,0.1665119382435734,0.846612709806367,,0.3442255964472556,,0.1011904761904761,0.1178571428571428,0.2736842105263158,0.1638392857142857,0.1011904761904761,0.34390293520681,,0.1687914761196446,0.8446850220213955,,0.2734745766441711,0.1178571428571428,0.1011904761904761,0.671951467603405,0.8446850220213955,0.0325443496286065,0.0853127932285362,0.0853127932285362,1.0,0.5,0.02,0.3719666381312147,0.3519666381312147,0.3926429934112427,0.3926429934112427,/Volumes/Amirali/hidden_states/experiments/baseline_v5_001/models/facebook/opt-125m/datasets/goEmo/analysis/probes/matrix_runs/unified_v4_20260830_080552/complete_run_metadata.json,0.6975,0.8343558282208589,0.997067448680352,0.7172995780590717,0.0120535714285714,0.9879464285714286,0.4292885959914184,0.9976796003233362,28.0,28.0,28.0,0.18,0.3076923076923077,0.5833333333333334,0.208955223880597,0.045,0.955,0.0797619047619047,0.7686852378674012,21.0,28.0,21.0,0.26,0.3448275862068966,0.5,0.2631578947368421,0.0407142857142857,0.9592857142857144,0.0833333333333333,0.6956967508437247,20.0,28.0,20.0
,ISEAR,google-bert/bert-base-uncased,/Volumes/Amirali/hidden_states/experiments/baseline_v5_001/models/google-bert/bert-base-uncased/datasets/ISEAR/analysis/probes/matrix_runs/unified_v4_20260830_092014,0.0,3349350854.0,layer_9,9.0,0.75,mlp_3_hidden,mlp,3_hidden,single_label,768.0,13.0,7.0,400.0,50.0,50.0,388423.0,"[384, 192, 96]",23.0,0.4922932330827067,-0.0037450578529387,0.1597412079572677,0.0476190476190476,0.9275,0.9243670133343606,0.9262862163104736,0.927936016925935,0.9293266000372944,0.9243670133343606,0.9153166297570352,0.9151153260742302,0.2528394365788393,0.7765925641727092,0.9955027586405922,0.975866592543286,0.5,0.4988662131519275,0.4922932330827067,0.4904005847953216,0.5347763347763347,0.4988662131519275,0.4185202639578423,0.4139709329582747,1.779010037081461,0.1688051754432511,0.8180015745448045,0.52588223610933,0.5,0.5122448979591836,0.5117216117216118,0.5038461538461538,0.5276643990929706,0.5122448979591836,0.4187795273334743,0.4164332399626518,1.6435250956868392,0.1932974478926074,0.8218756741597274,0.5398922248548274,0.5117216117216118,0.5122448979591836,0.7093897636667371,0.1932974478926074,0.0780611115750434,0.4336605001465683,0.5059372501709963,1.0,0.4981274710735306,0.02,0.5565991705514276,0.5365991705514276,0.4145646045888617,0.4145646045888617,/Volumes/Amirali/hidden_states/experiments/baseline_v5_001/models/google-bert/bert-base-uncased/datasets/ISEAR/analysis/probes/matrix_runs/unified_v4_20260830_092014/complete_run_metadata.json,,,,,,,,,,,,,,,,,,,,,,,,,,,,,,,,,
,goEmo,google-bert/bert-base-uncased,/Volumes/Amirali/hidden_states/experiments/baseline_v5_001/models/google-bert/bert-base-uncased/datasets/goEmo/analysis/probes/matrix_runs/unified_v4_20260829_113941,0.0,3349341881.0,layer_0,0.0,0.0,mlp_3_hidden,mlp,3_hidden,multi_label,768.0,13.0,28.0,400.0,50.0,50.0,390460.0,"[384, 192, 96]",54.0,0.5754380540094824,,,,,0.9285714285714286,0.9285714285714286,0.9957805907172996,0.9285714285714286,0.9285714285714286,0.9977950437312864,,0.0026341266911287,0.9973693395763864,,1.0,,0.5345238095238095,0.5754380540094824,0.8640218819323296,0.6428571428571429,0.5345238095238095,0.8847580480548376,,0.0433915852729438,0.9575363595069096,,0.8834380520427029,,0.613095238095238,0.6238095238095237,0.9251461988304094,0.6428571428571429,0.613095238095238,0.9533608295174836,,0.0214969900594727,0.9787324233911006,,0.9375,0.6238095238095237,0.613095238095238,0.9766804147587418,0.9787324233911006,0.0320854832955047,0.591724040514019,0.591724040514019,1.0,0.5,0.02,0.7356367793223917,0.7156367793223917,0.3047619047619049,0.3047619047619049,/Volumes/Amirali/hidden_states/experiments/baseline_v5_001/models/google-bert/bert-base-uncased/datasets/goEmo/analysis/probes/matrix_runs/unified_v4_20260829_113941/complete_run_metadata.json,0.995,0.9978858350951374,1.0,0.9957805907172996,0.0001785714285714,0.9998214285714284,0.9285714285714286,1.0,28.0,28.0,28.0,0.84,0.8852459016393442,0.9818181818181818,0.8059701492537313,0.01,0.99,0.5345238095238095,0.9508131927719324,21.0,28.0,21.0,0.92,0.9541284403669724,1.0,0.912280701754386,0.0035714285714285,0.9964285714285714,0.613095238095238,0.9927295918367348,20.0,28.0,20.0
,ISEAR,google/electra-small-discriminator,/Volumes/Amirali/hidden_states/experiments/baseline_v5_001/models/google/electra-small-discriminator/datasets/ISEAR/analysis/probes/matrix_runs/unified_v4_20260830_101122,0.0,3349343875.0,layer_2,2.0,0.1666666666666666,mlp_3_hidden,mlp,3_hidden,single_label,256.0,13.0,7.0,400.0,50.0,50.0,43463.0,"[128, 64, 32]",39.0,0.4026283240568954,-0.0192675925791263,0.2881599068641662,0.0476190476190476,0.8425,0.8372451571151195,0.8404511263137825,0.8408789979687493,0.8490679023432751,0.8372451571151195,0.8164213624436595,0.8152722901104701,0.5032039860962393,0.6045904537681757,0.9818219611597918,0.9198222120346148,0.4,0.3934240362811791,0.4026283240568954,0.4029090909090909,0.5054421768707482,0.3934240362811791,0.304315627035317,0.293119698397738,2.2011236290327574,0.1106787266373178,0.7021529146559533,0.3627955947605002,0.4,0.3938775510204081,0.3920441463298606,0.393100233100233,0.4068027210884354,0.3938775510204081,0.2942222801441627,0.2911153119092627,1.8146989472721964,0.1628869385666715,0.7622333203894666,0.4472037974070025,0.3920441463298606,0.3938775510204081,0.6471111400720814,0.1628869385666715,0.1173187915941539,0.2747253547357067,0.3205129138583245,1.0,0.4903662037104368,0.02,0.4590689270601925,0.4390689270601925,0.4484069799839218,0.4484069799839218,/Volumes/Amirali/hidden_states/experiments/baseline_v5_001/models/google/electra-small-discriminator/datasets/ISEAR/analysis/probes/matrix_runs/unified_v4_20260830_101122/complete_run_metadata.json,,,,,,,,,,,,,,,,,,,,,,,,,,,,,,,,,
,goEmo,google/electra-small-discriminator,/Volumes/Amirali/hidden_states/experiments/baseline_v5_001/models/google/electra-small-discriminator/datasets/goEmo/analysis/probes/matrix_runs/unified_v4_20260829_131937,0.0,3349343875.0,layer_2,2.0,0.1666666666666666,mlp_3_hidden,mlp,3_hidden,multi_label,256.0,13.0,28.0,400.0,50.0,50.0,44156.0,"[128, 64, 32]",20.0,0.0438576045526372,,,,,0.2173567503924647,0.0456077778959853,0.0584211235924971,0.0447560378020914,0.2173567503924647,0.0004749611908073,,0.614405212028135,0.540962557661911,,0.1010742950381388,,0.1309523809523809,0.0438576045526372,0.0481292922255226,0.0283234126984127,0.1309523809523809,0.0054339276545968,,0.6227493768761205,0.53646745691596,,0.1528417467544607,,0.1880952380952381,0.0821322007063695,0.1237253406320575,0.073156860146656,0.1880952380952381,0.0253547590773591,,0.6206322667641312,0.5376044207078496,,0.2242967244993195,0.0821322007063695,0.1880952380952381,0.5126773795386795,0.5376044207078496,0.0443528010744066,0.0377793996319628,0.0377793996319628,1.0,0.5,0.02,0.3119652648188575,0.2919652648188575,-0.0365244228103841,0.0,/Volumes/Amirali/hidden_states/experiments/baseline_v5_001/models/google/electra-small-discriminator/datasets/goEmo/analysis/probes/matrix_runs/unified_v4_20260829_131937/complete_run_metadata.json,0.0,0.0682764363030807,0.0425311203319502,0.1729957805907173,0.1998214285714285,0.8001785714285714,0.025051604627796,0.6169914916230506,28.0,28.0,28.0,0.0,0.0786885245901639,0.0504201680672268,0.1791044776119403,0.2007142857142857,0.7992857142857143,0.0262400793650793,0.5589356671141771,21.0,28.0,21.0,0.0,0.0838709677419354,0.0513833992094861,0.2280701754385964,0.2028571428571428,0.7971428571428572,0.0540272126202694,0.5970198554961865,20.0,28.0,20.0
,ISEAR,microsoft/deberta-v3-small,/Volumes/Amirali/hidden_states/experiments/baseline_v5_001/models/microsoft/deberta-v3-small/datasets/ISEAR/analysis/probes/matrix_runs/unified_v4_20260901_094545,0.0,3349344872.0,layer_3,3.0,0.5,mlp_3_hidden,mlp,3_hidden,single_label,768.0,7.0,7.0,1600.0,200.0,200.0,388423.0,"[384, 192, 96]",30.0,0.6002585918300287,-0.0187345184385776,0.1930617392063141,0.0394088669950738,0.991875,0.9917086948506436,0.9923373646789878,0.9919415574530956,0.9931972789115646,0.9917086948506436,0.9905560906142382,0.9905072332144608,0.0191681651093784,0.9810143759808898,0.99994885636465,0.9994233378046756,0.6,0.5968439368248681,0.6002585918300287,0.6039231733918791,0.6063054187192118,0.5968439368248681,0.5333977067875662,0.5329149029338782,2.3205372055785354,0.0982208066637921,0.8661953598853007,0.616894992098314,0.605,0.6048307643413315,0.6071584858170677,0.6057632692497426,0.6184066130200206,0.6048307643413315,0.539355435559188,0.5382817066043251,2.5367322406156365,0.0791245377453587,0.8676216493925407,0.6500353341406921,0.6071584858170677,0.6048307643413315,0.7696777177795939,0.0791245377453587,,,0.0,0.96807058631429,0.4906327407807112,0.02,0.4872170432174061,0.4672170432174061,0.3851788788619201,0.3851788788619201,/Volumes/Amirali/hidden_states/experiments/baseline_v5_001/models/microsoft/deberta-v3-small/datasets/ISEAR/analysis/probes/matrix_runs/unified_v4_20260901_094545/complete_run_metadata.json,,,,,,,,,,,,,,,,,,,,,,,,,,,,,,,,,
,goEmo,microsoft/deberta-v3-small,/Volumes/Amirali/hidden_states/experiments/baseline_v5_001/models/microsoft/deberta-v3-small/datasets/goEmo/analysis/probes/matrix_runs/unified_v4_20260829_134715,0.0,3349345869.0,layer_4,4.0,0.6666666666666666,mlp_3_hidden,mlp,3_hidden,multi_label,768.0,7.0,28.0,400.0,50.0,50.0,390460.0,"[384, 192, 96]",13.0,0.0770590540529477,,,,,0.4728176750498178,0.0716436749779647,0.2327130803374749,0.0510797588685916,0.4728176750498178,0.1090644431006895,,0.6823126272091131,0.5054467298365,,0.1483965317970786,,0.3214285714285714,0.0770590540529477,0.1737489188123459,0.0491424949977652,0.3214285714285714,0.0571213528228347,,0.6842616396207446,0.5044625672706987,,0.2362044382536733,,0.3261904761904762,0.0652721472705016,0.1729754184276229,0.0451984466144268,0.3261904761904762,0.0690308155865842,,0.6845241044139021,0.5043301809814543,,0.2009398544097058,0.0652721472705016,0.3261904761904762,0.5345154077932921,0.5043301809814543,0.0316129920117644,0.0336591552587371,0.0336591552587371,1.0,0.5,0.02,0.3275887685650835,0.3075887685650835,0.006371527707463,0.006371527707463,/Volumes/Amirali/hidden_states/experiments/baseline_v5_001/models/microsoft/deberta-v3-small/datasets/goEmo/analysis/probes/matrix_runs/unified_v4_20260829_134715/complete_run_metadata.json,0.0,0.1275299238302502,0.0710992477553991,0.6181434599156118,0.3579464285714285,0.6420535714285714,0.0431474738756999,0.7322429792393109,28.0,28.0,28.0,0.0,0.1125827814569536,0.0633147113594041,0.5074626865671642,0.3828571428571428,0.6171428571428572,0.0462855632179611,0.6922391795573278,21.0,28.0,21.0,0.0,0.1056338028169014,0.0587084148727984,0.5263157894736842,0.3628571428571429,0.6371428571428571,0.039354290770271,0.6027494575157453,20.0,28.0,20.0
